order_id,order_date,customer_id,product_id,quantity,payment_id,region_id,discount,sales_amount,created_at
1001,2023-01-04,Bob,1002,17,3,4,0.21,2716.34,2025-04-09 22:38:00.549858
1002,2023-07-08,Alice,1042,23,1,4,0.15,5947.31,2025-04-09 22:38:00.549858
1003,2023-01-24,Bob,1054,22,3,4,0.11,6624.55,2025-04-09 22:38:00.549858
1004,2023-09-04,Eve,1068,14,2,4,0.03,3905.11,2025-04-09 22:38:00.549858
1005,2023-01-26,David,1026,5,1,4,0.12,2195.2,2025-04-09 22:38:00.549858
1006,2023-09-12,Charlie,1014,48,2,4,0.01,8406.07,2025-04-09 22:38:00.549858
1007,2023-08-02,Alice,1038,43,3,4,0.22,8489.14,2025-04-09 22:38:00.549858
1008,2023-06-05,Charlie,1082,15,1,4,0.12,3320.42,2025-04-09 22:38:00.549858
1009,2023-08-11,Eve,1015,32,3,4,0.06,3853.03,2025-04-09 22:38:00.549858
1010,2023-11-18,Alice,1062,12,2,4,0.04,291.34,2025-04-09 22:38:00.549858
1011,2023-10-04,Eve,1079,12,3,4,0.2,942.52,2025-04-09 22:38:00.549858
1012,2023-05-08,Bob,1093,17,1,4,0.17,5272.85,2025-04-09 22:38:00.549858
1013,2023-02-10,David,1024,13,3,4,0.04,6274.12,2025-04-09 22:38:00.549858
1014,2023-09-06,Charlie,1020,4,2,4,0.25,9705.55,2025-04-09 22:38:00.549858
1015,2023-11-09,David,1038,1,1,4,0.14,6966.82,2025-04-09 22:38:00.549858
1016,2023-11-09,Bob,1032,25,1,4,0.25,804.47,2025-04-09 22:38:00.549858
1017,2023-10-09,Bob,1062,4,3,4,0.21,544.62,2025-04-09 22:38:00.549858
1018,2023-09-24,Alice,1097,9,1,4,0.12,5025.64,2025-04-09 22:38:00.549858
1019,2023-10-24,Bob,1087,28,1,4,0.13,7825.62,2025-04-09 22:38:00.549858
1020,2023-11-24,Eve,1003,11,1,4,0.22,5215.31,2025-04-09 22:38:00.549858
1021,2023-06-09,Charlie,1017,35,3,4,0.04,2638.98,2025-04-09 22:38:00.549858
1022,2023-03-08,Bob,1067,28,2,4,0.03,7078.22,2025-04-09 22:38:00.549858
1023,2023-03-27,David,1069,47,3,4,0.07,719.39,2025-04-09 22:38:00.549858
1024,2023-11-01,Bob,1028,24,2,4,0.22,7946.69,2025-04-09 22:38:00.549858
1025,2023-01-26,Alice,1018,11,3,4,0.0,3187.45,2025-04-09 22:38:00.549858
1026,2023-04-07,Bob,1033,4,2,4,0.17,5509.66,2025-04-09 22:38:00.549858
1027,2023-12-27,David,1071,40,3,4,0.13,4752.88,2025-04-09 22:38:00.549858
1028,2023-02-24,David,1099,35,3,4,0.14,8090.0,2025-04-09 22:38:00.549858
1029,2023-06-15,Alice,1004,13,3,4,0.24,6277.59,2025-04-09 22:38:00.549858
1030,2023-01-23,Charlie,1037,25,1,4,0.24,3649.93,2025-04-09 22:38:00.549858
1031,2023-02-11,Alice,1028,24,2,4,0.16,2819.57,2025-04-09 22:38:00.549858
1032,2023-04-16,Alice,1027,7,3,4,0.03,8241.57,2025-04-09 22:38:00.549858
1033,2023-01-20,Bob,1017,29,2,4,0.24,496.59,2025-04-09 22:38:00.549858
1034,2023-07-29,Eve,1082,46,1,4,0.11,5677.61,2025-04-09 22:38:00.549858
1035,2023-02-10,Bob,1092,47,3,4,0.17,5426.42,2025-04-09 22:38:00.549858
1036,2023-10-26,Alice,1097,27,1,4,0.05,7633.98,2025-04-09 22:38:00.549858
1037,2023-01-04,Eve,1064,10,3,4,0.12,7412.11,2025-04-09 22:38:00.549858
1038,2023-11-20,Alice,1028,5,1,4,0.21,388.78,2025-04-09 22:38:00.549858
1039,2023-11-11,Alice,1080,32,3,4,0.22,3602.51,2025-04-09 22:38:00.549858
1040,2023-02-16,Bob,1028,24,1,4,0.02,4344.15,2025-04-09 22:38:00.549858
1041,2023-01-22,Bob,1045,46,3,4,0.1,4594.5,2025-04-09 22:38:00.549858
1042,2023-02-28,David,1012,33,3,4,0.29,5650.72,2025-04-09 22:38:00.549858
1043,2023-01-03,Bob,1099,31,3,4,0.21,5613.1,2025-04-09 22:38:00.549858
1044,2023-05-22,Bob,1049,19,3,4,0.14,4216.17,2025-04-09 22:38:00.549858
1045,2023-09-30,Alice,1084,30,3,4,0.26,9532.87,2025-04-09 22:38:00.549858
1046,2023-01-12,Charlie,1048,47,3,4,0.24,6482.98,2025-04-09 22:38:00.549858
1047,2023-04-14,Alice,1099,27,1,4,0.29,9948.71,2025-04-09 22:38:00.549858
1048,2023-01-08,David,1041,36,3,4,0.11,1714.05,2025-04-09 22:38:00.549858
1049,2023-11-17,Bob,1100,13,3,4,0.04,7883.44,2025-04-09 22:38:00.549858
1050,2023-03-04,David,1099,10,1,4,0.0,7952.11,2025-04-09 22:38:00.549858
1051,2023-06-22,Eve,1079,49,3,4,0.1,2265.23,2025-04-09 22:38:00.549858
1052,2023-06-07,Charlie,1099,31,3,4,0.27,4346.55,2025-04-09 22:38:00.549858
1053,2023-03-26,David,1097,7,2,4,0.22,6286.25,2025-04-09 22:38:00.549858
1054,2023-07-30,Eve,1088,1,3,4,0.14,7997.55,2025-04-09 22:38:00.549858
1055,2023-07-11,Eve,1092,33,1,4,0.08,7667.1,2025-04-09 22:38:00.549858
1056,2023-03-01,Charlie,1041,44,1,4,0.05,4170.8,2025-04-09 22:38:00.549858
1057,2023-09-26,Bob,1006,14,2,4,0.24,6954.35,2025-04-09 22:38:00.549858
1058,2023-03-24,Charlie,1061,13,1,4,0.08,3750.2,2025-04-09 22:38:00.549858
1059,2023-10-04,Bob,1088,40,1,4,0.1,6116.75,2025-04-09 22:38:00.549858
1060,2023-12-16,Eve,1076,30,1,4,0.2,7160.75,2025-04-09 22:38:00.549858
1061,2023-11-24,Alice,1072,25,1,4,0.27,5511.11,2025-04-09 22:38:00.549858
1062,2023-05-10,David,1001,47,2,4,0.06,3793.91,2025-04-09 22:38:00.549858
1063,2023-01-06,Eve,1062,15,1,4,0.29,3439.72,2025-04-09 22:38:00.549858
1064,2023-03-30,Alice,1005,12,1,4,0.04,6828.24,2025-04-09 22:38:00.549858
1065,2023-12-05,Charlie,1008,27,1,4,0.18,9583.55,2025-04-09 22:38:00.549858
1066,2023-03-01,David,1029,28,1,4,0.15,6773.89,2025-04-09 22:38:00.549858
1067,2023-07-22,Alice,1039,42,1,4,0.19,6807.67,2025-04-09 22:38:00.549858
1068,2023-10-02,David,1053,29,1,4,0.21,7724.57,2025-04-09 22:38:00.549858
1069,2023-07-31,David,1002,21,1,4,0.07,8090.84,2025-04-09 22:38:00.549858
1070,2023-04-23,Eve,1060,23,1,4,0.12,273.77,2025-04-09 22:38:00.549858
1071,2023-03-31,Alice,1047,37,1,4,0.26,3546.15,2025-04-09 22:38:00.549858
1072,2023-07-14,Bob,1030,39,2,4,0.23,3407.09,2025-04-09 22:38:00.549858
1073,2023-03-10,Charlie,1040,13,1,4,0.24,2331.27,2025-04-09 22:38:00.549858
1074,2023-05-10,Eve,1034,19,1,4,0.17,4892.36,2025-04-09 22:38:00.549858
1075,2023-04-04,David,1078,49,1,4,0.18,9631.41,2025-04-09 22:38:00.549858
1076,2023-01-20,Eve,1046,43,2,4,0.1,4104.82,2025-04-09 22:38:00.549858
1077,2023-11-25,Alice,1095,37,1,4,0.1,9432.97,2025-04-09 22:38:00.549858
1078,2023-02-07,Bob,1072,26,1,4,0.05,5490.38,2025-04-09 22:38:00.549858
1079,2023-11-15,David,1092,47,1,4,0.28,499.47,2025-04-09 22:38:00.549858
1080,2023-03-25,David,1055,11,2,4,0.21,1756.83,2025-04-09 22:38:00.549858
1081,2023-12-19,Alice,1088,20,2,4,0.16,8452.13,2025-04-09 22:38:00.549858
1082,2023-11-10,Bob,1019,33,1,4,0.18,7632.43,2025-04-09 22:38:00.549858
1083,2023-08-31,Alice,1026,25,1,4,0.06,3784.52,2025-04-09 22:38:00.549858
1084,2023-07-21,Bob,1063,32,2,4,0.22,6359.59,2025-04-09 22:38:00.549858
1085,2023-11-05,Alice,1065,3,2,4,0.23,9519.16,2025-04-09 22:38:00.549858
1086,2023-05-13,Bob,1075,36,1,4,0.23,6653.49,2025-04-09 22:38:00.549858
1087,2023-10-08,Eve,1032,11,2,4,0.27,4095.65,2025-04-09 22:38:00.549858
1088,2023-10-24,David,1026,45,1,4,0.14,2044.55,2025-04-09 22:38:00.549858
1089,2023-06-01,Charlie,1013,16,1,4,0.03,2985.46,2025-04-09 22:38:00.549858
1090,2023-08-03,David,1043,22,2,4,0.0,6601.89,2025-04-09 22:38:00.549858
1091,2023-01-03,Bob,1027,30,1,4,0.2,7648.22,2025-04-09 22:38:00.549858
1092,2023-12-07,Bob,1099,22,2,4,0.02,3043.18,2025-04-09 22:38:00.549858
1093,2023-08-12,David,1075,14,2,4,0.24,8989.4,2025-04-09 22:38:00.549858
1094,2023-03-17,Alice,1036,23,2,4,0.03,2583.84,2025-04-09 22:38:00.549858
1095,2023-06-11,David,1085,8,2,4,0.03,7813.12,2025-04-09 22:38:00.549858
1096,2023-06-17,David,1092,21,1,4,0.02,862.02,2025-04-09 22:38:00.549858
1097,2023-11-23,Eve,1016,26,2,4,0.25,5490.52,2025-04-09 22:38:00.549858
1098,2023-08-07,Alice,1015,19,2,4,0.29,1148.47,2025-04-09 22:38:00.549858
1099,2023-06-17,Alice,1092,47,2,4,0.12,1632.8,2025-04-09 22:38:00.549858
1100,2023-07-15,Charlie,1052,48,2,4,0.18,1700.55,2025-04-09 22:38:00.549858
1101,2023-03-25,Eve,1049,17,1,4,0.03,8611.97,2025-04-09 22:38:00.549858
1102,2023-11-18,Alice,1004,1,2,4,0.27,7211.48,2025-04-09 22:38:00.549858
1103,2023-11-06,David,1062,25,2,4,0.3,2605.71,2025-04-09 22:38:00.549858
1104,2023-07-12,Eve,1058,14,2,4,0.13,9580.05,2025-04-09 22:38:00.549858
1105,2023-11-15,Eve,1100,2,2,4,0.27,672.66,2025-04-09 22:38:00.549858
1106,2023-01-05,Alice,1023,2,2,4,0.26,6442.09,2025-04-09 22:38:00.549858
1107,2023-07-06,Charlie,1053,11,2,4,0.18,4396.81,2025-04-09 22:38:00.549858
1108,2023-12-02,David,1077,24,1,4,0.2,1960.41,2025-04-09 22:38:00.549858
1109,2023-10-21,David,1013,20,2,4,0.1,5039.07,2025-04-09 22:38:00.549858
1110,2023-05-27,Eve,1003,39,1,4,0.03,5119.89,2025-04-09 22:38:00.549858
1111,2023-11-08,Charlie,1052,18,2,4,0.19,2072.78,2025-04-09 22:38:00.549858
1112,2023-02-06,Charlie,1036,26,1,4,0.14,6242.69,2025-04-09 22:38:00.549858
1113,2023-03-31,Charlie,1004,12,1,4,0.09,6744.46,2025-04-09 22:38:00.549858
1114,2023-03-03,Eve,1095,16,1,4,0.05,6518.35,2025-04-09 22:38:00.549858
1115,2023-04-14,David,1001,2,2,4,0.15,5488.11,2025-04-09 22:38:00.549858
1116,2023-07-13,Eve,1004,16,1,4,0.26,1526.38,2025-04-09 22:38:00.549858
1117,2023-09-26,David,1018,25,2,4,0.26,5634.69,2025-04-09 22:38:00.549858
1118,2023-06-27,Bob,1039,2,1,4,0.2,9683.85,2025-04-09 22:38:00.549858
1119,2023-01-12,Eve,1022,13,2,4,0.06,2761.65,2025-04-09 22:38:00.549858
1120,2023-04-11,Bob,1067,17,2,4,0.24,8963.93,2025-04-09 22:38:00.549858
1121,2023-05-25,Bob,1092,20,2,4,0.21,9220.94,2025-04-09 22:38:00.549858
1122,2023-06-06,Bob,1006,21,2,4,0.22,1044.45,2025-04-09 22:38:00.549858
1123,2023-08-13,Bob,1023,38,1,4,0.28,4896.93,2025-04-09 22:38:00.549858
1124,2023-01-20,Charlie,1092,40,2,4,0.2,2729.27,2025-04-09 22:38:00.549858
1125,2023-02-16,David,1010,47,2,4,0.06,1678.97,2025-04-09 22:38:00.549858
1126,2023-03-20,Bob,1026,19,2,4,0.12,614.69,2025-04-09 22:38:00.549858
1127,2023-12-01,Bob,1096,20,2,4,0.06,2962.96,2025-04-09 22:38:00.549858
1128,2023-05-28,Alice,1019,28,1,4,0.09,6917.45,2025-04-09 22:38:00.549858
1129,2023-01-07,Alice,1069,6,2,4,0.25,2574.57,2025-04-09 22:38:00.549858
1130,2023-01-27,Bob,1034,38,2,4,0.01,414.26,2025-04-09 22:38:00.549858
1131,2023-02-19,Alice,1003,45,2,4,0.21,937.2,2025-04-09 22:38:00.549858
1132,2023-08-11,David,1032,5,2,4,0.25,3147.18,2025-04-09 22:38:00.549858
1133,2023-06-08,Bob,1012,19,2,4,0.27,3608.81,2025-04-09 22:38:00.549858
1134,2023-07-07,Eve,1033,13,2,4,0.08,8775.56,2025-04-09 22:38:00.549858
1135,2023-07-21,Charlie,1066,4,1,4,0.21,3492.19,2025-04-09 22:38:00.549858
1136,2023-09-11,David,1003,22,2,4,0.26,9514.19,2025-04-09 22:38:00.549858
1137,2023-10-01,Eve,1091,15,1,4,0.06,3917.42,2025-04-09 22:38:00.549858
1138,2023-02-21,Alice,1049,31,1,4,0.03,783.55,2025-04-09 22:38:00.549858
1139,2023-10-01,Eve,1093,22,2,4,0.0,1697.49,2025-04-09 22:38:00.549858
1140,2023-08-14,Alice,1013,26,1,4,0.13,4250.79,2025-04-09 22:38:00.549858
1141,2023-11-15,Eve,1030,24,1,4,0.2,6951.53,2025-04-09 22:38:00.549858
1142,2023-12-10,Eve,1098,28,2,4,0.03,3419.26,2025-04-09 22:38:00.549858
1143,2023-11-16,David,1078,8,2,4,0.03,113.4,2025-04-09 22:38:00.549858
1144,2023-03-14,Alice,1062,24,2,4,0.23,4178.39,2025-04-09 22:38:00.549858
1145,2023-02-07,David,1081,41,2,4,0.21,3068.03,2025-04-09 22:38:00.549858
1146,2023-10-29,Eve,1017,1,2,4,0.22,2141.9,2025-04-09 22:38:00.549858
1147,2023-01-11,Bob,1084,21,2,4,0.2,8967.18,2025-04-09 22:38:00.549858
1148,2023-07-28,Alice,1082,48,2,4,0.3,8540.22,2025-04-09 22:38:00.549858
1149,2023-10-20,David,1013,46,1,4,0.09,6095.82,2025-04-09 22:38:00.549858
1150,2023-11-16,Eve,1015,1,2,4,0.15,2673.06,2025-04-09 22:38:00.549858
1151,2023-03-04,David,1009,1,2,4,0.19,198.79,2025-04-09 22:38:00.549858
1152,2023-05-19,Charlie,1050,35,2,4,0.09,9744.52,2025-04-09 22:38:00.549858
1153,2023-11-20,Alice,1036,32,1,4,0.29,5454.96,2025-04-09 22:38:00.549858
1154,2023-05-07,David,1056,28,2,4,0.2,7611.88,2025-04-09 22:38:00.549858
1155,2023-09-18,Eve,1085,40,2,4,0.27,4716.47,2025-04-09 22:38:00.549858
1156,2023-02-28,Charlie,1007,43,1,4,0.27,1833.72,2025-04-09 22:38:00.549858
1157,2023-11-24,Bob,1065,18,2,4,0.02,9183.11,2025-04-09 22:38:00.549858
1158,2023-01-16,Eve,1013,20,1,4,0.05,6769.09,2025-04-09 22:38:00.549858
1159,2023-10-23,David,1054,8,2,4,0.25,4252.54,2025-04-09 22:38:00.549858
1160,2023-12-16,Eve,1060,44,2,4,0.06,3224.71,2025-04-09 22:38:00.549858
1161,2023-01-03,Charlie,1087,20,2,4,0.24,8057.76,2025-04-09 22:38:00.549858
1162,2023-04-08,Charlie,1007,13,2,4,0.29,3758.78,2025-04-09 22:38:00.549858
1163,2023-06-10,Eve,1029,15,1,4,0.11,1687.62,2025-04-09 22:38:00.549858
1164,2023-04-27,Eve,1001,25,1,4,0.27,3167.09,2025-04-09 22:38:00.549858
1165,2023-01-25,David,1083,34,2,4,0.11,757.99,2025-04-09 22:38:00.549858
1166,2023-07-25,Charlie,1047,19,1,4,0.21,2936.54,2025-04-09 22:38:00.549858
1167,2023-06-12,Alice,1008,32,2,4,0.1,7507.02,2025-04-09 22:38:00.549858
1168,2023-03-22,Alice,1061,34,2,4,0.2,8915.05,2025-04-09 22:38:00.549858
1169,2023-11-05,Bob,1075,37,2,4,0.13,8127.7,2025-04-09 22:38:00.549858
1170,2023-08-12,Bob,1074,2,2,4,0.18,6011.84,2025-04-09 22:38:00.549858
1171,2023-04-25,Alice,1039,24,2,4,0.19,5830.19,2025-04-09 22:38:00.549858
1172,2023-07-21,David,1017,1,2,4,0.29,3388.69,2025-04-09 22:38:00.549858
1173,2023-06-10,Charlie,1053,39,2,4,0.17,1554.53,2025-04-09 22:38:00.549858
1174,2023-01-13,Alice,1090,17,2,4,0.23,2359.53,2025-04-09 22:38:00.549858
1175,2023-04-02,Bob,1062,10,2,4,0.2,6991.95,2025-04-09 22:38:00.549858
1176,2023-03-21,Bob,1069,29,1,4,0.12,9369.18,2025-04-09 22:38:00.549858
1177,2023-02-28,Bob,1025,14,2,4,0.12,8236.13,2025-04-09 22:38:00.549858
1178,2023-11-14,Eve,1092,28,1,4,0.07,6528.29,2025-04-09 22:38:00.549858
1179,2023-06-01,Bob,1019,38,2,4,0.09,3109.03,2025-04-09 22:38:00.549858
1180,2023-04-23,Charlie,1033,44,2,4,0.23,7171.83,2025-04-09 22:38:00.549858
1181,2023-12-23,Alice,1017,33,3,4,0.08,780.27,2025-04-09 22:38:00.549858
1182,2023-01-12,Eve,1078,36,1,4,0.25,4481.2,2025-04-09 22:38:00.549858
1183,2023-10-30,Eve,1029,16,1,4,0.15,4333.25,2025-04-09 22:38:00.549858
1184,2023-11-07,Bob,1057,26,1,4,0.07,7084.06,2025-04-09 22:38:00.549858
1185,2023-10-16,David,1055,46,2,4,0.03,3093.95,2025-04-09 22:38:00.549858
1186,2023-03-10,Alice,1040,42,3,4,0.25,1004.78,2025-04-09 22:38:00.549858
1187,2023-04-08,Charlie,1061,29,3,4,0.15,3988.03,2025-04-09 22:38:00.549858
1188,2023-12-27,Bob,1056,4,1,4,0.04,7979.67,2025-04-09 22:38:00.549858
1189,2023-02-09,Alice,1038,16,3,4,0.27,5529.35,2025-04-09 22:38:00.549858
1190,2023-08-31,Alice,1018,1,3,4,0.01,2260.25,2025-04-09 22:38:00.549858
1191,2023-12-03,David,1092,6,1,4,0.19,719.01,2025-04-09 22:38:00.549858
1192,2023-08-15,Alice,1063,26,1,4,0.07,2780.98,2025-04-09 22:38:00.549858
1193,2023-02-05,David,1030,49,3,4,0.26,236.08,2025-04-09 22:38:00.549858
1194,2023-09-06,Bob,1020,45,2,4,0.11,1958.45,2025-04-09 22:38:00.549858
1195,2023-05-02,Alice,1096,32,2,4,0.22,4649.88,2025-04-09 22:38:00.549858
1196,2023-05-28,David,1017,35,1,4,0.28,2222.62,2025-04-09 22:38:00.549858
1197,2023-06-08,Charlie,1057,43,3,4,0.04,1605.28,2025-04-09 22:38:00.549858
1198,2023-11-14,Bob,1090,1,3,4,0.17,6575.91,2025-04-09 22:38:00.549858
1199,2023-12-15,David,1019,36,3,4,0.29,8902.37,2025-04-09 22:38:00.549858
1200,2023-02-25,Eve,1013,31,3,4,0.21,4791.82,2025-04-09 22:38:00.549858
1201,2023-06-13,Charlie,1097,10,1,4,0.2,7509.01,2025-04-09 22:38:00.549858
1202,2023-09-24,Bob,1015,35,1,4,0.27,182.37,2025-04-09 22:38:00.549858
1203,2023-02-09,Charlie,1020,29,3,4,0.1,2102.32,2025-04-09 22:38:00.549858
1204,2023-10-16,Eve,1061,37,3,4,0.12,2227.64,2025-04-09 22:38:00.549858
1205,2023-08-07,Charlie,1077,43,2,4,0.1,242.38,2025-04-09 22:38:00.549858
1206,2023-05-10,David,1063,47,1,4,0.24,5870.97,2025-04-09 22:38:00.549858
1207,2023-03-30,David,1007,14,3,4,0.22,8088.96,2025-04-09 22:38:00.549858
1208,2023-11-05,Eve,1087,30,1,4,0.15,2106.06,2025-04-09 22:38:00.549858
1209,2023-03-14,David,1090,47,3,4,0.19,6761.43,2025-04-09 22:38:00.549858
1210,2023-10-31,Eve,1033,18,3,4,0.12,7982.79,2025-04-09 22:38:00.549858
1211,2023-08-16,Alice,1086,48,3,4,0.14,4923.93,2025-04-09 22:38:00.549858
1212,2023-09-25,Eve,1066,47,1,4,0.26,7391.7,2025-04-09 22:38:00.549858
1213,2023-03-31,Eve,1016,38,3,4,0.26,4309.76,2025-04-09 22:38:00.549858
1214,2023-09-19,Alice,1025,26,3,4,0.11,8564.24,2025-04-09 22:38:00.549858
1215,2023-08-23,David,1036,25,3,4,0.25,8167.9,2025-04-09 22:38:00.549858
1216,2023-05-26,Bob,1042,1,1,4,0.08,848.28,2025-04-09 22:38:00.549858
1217,2023-06-09,David,1047,18,3,4,0.26,3746.64,2025-04-09 22:38:00.549858
1218,2023-06-02,Eve,1057,22,1,4,0.27,2046.87,2025-04-09 22:38:00.549858
1219,2023-02-08,Charlie,1015,23,3,4,0.24,2669.81,2025-04-09 22:38:00.549858
1220,2023-03-23,Eve,1031,32,3,4,0.16,433.4,2025-04-09 22:38:00.549858
1221,2023-08-23,Bob,1027,4,1,4,0.17,4036.36,2025-04-09 22:38:00.549858
1222,2023-11-12,Eve,1005,28,1,4,0.07,2191.2,2025-04-09 22:38:00.549858
1223,2023-01-13,Alice,1012,39,3,4,0.08,8892.37,2025-04-09 22:38:00.549858
1224,2023-12-30,Alice,1003,17,3,4,0.25,640.88,2025-04-09 22:38:00.549858
1225,2023-06-01,David,1022,9,3,4,0.03,8913.13,2025-04-09 22:38:00.549858
1226,2023-06-07,Charlie,1085,42,1,4,0.15,2070.02,2025-04-09 22:38:00.549858
1227,2023-05-11,Eve,1001,8,3,4,0.18,5262.35,2025-04-09 22:38:00.549858
1228,2023-12-08,Eve,1095,4,1,4,0.28,3801.82,2025-04-09 22:38:00.549858
1229,2023-03-23,David,1035,30,3,4,0.09,613.17,2025-04-09 22:38:00.549858
1230,2023-06-28,Eve,1023,9,3,4,0.25,2170.94,2025-04-09 22:38:00.549858
1231,2023-10-30,Alice,1049,38,1,4,0.01,2947.56,2025-04-09 22:38:00.549858
1232,2023-12-01,Alice,1100,34,3,4,0.0,1387.8,2025-04-09 22:38:00.549858
1233,2023-08-22,David,1092,29,3,4,0.12,6250.8,2025-04-09 22:38:00.549858
1234,2023-08-30,Bob,1033,14,3,4,0.21,6577.99,2025-04-09 22:38:00.549858
1235,2023-03-19,David,1030,2,1,4,0.23,1874.63,2025-04-09 22:38:00.549858
1236,2023-04-05,Eve,1087,43,3,4,0.17,848.49,2025-04-09 22:38:00.549858
1237,2023-11-01,Bob,1062,36,3,4,0.22,3720.24,2025-04-09 22:38:00.549858
1238,2023-08-15,Eve,1033,29,3,4,0.07,3953.38,2025-04-09 22:38:00.549858
1239,2023-12-03,Bob,1011,13,3,4,0.28,8186.12,2025-04-09 22:38:00.549858
1240,2023-08-17,Eve,1007,16,1,4,0.28,2426.24,2025-04-09 22:38:00.549858
1241,2023-02-02,Alice,1096,31,3,4,0.17,9289.0,2025-04-09 22:38:00.549858
1242,2023-03-20,Bob,1011,2,3,4,0.1,3484.86,2025-04-09 22:38:00.549858
1243,2023-06-06,Alice,1033,32,1,4,0.27,4602.17,2025-04-09 22:38:00.549858
1244,2023-05-21,David,1008,37,3,4,0.26,5197.84,2025-04-09 22:38:00.549858
1245,2023-06-02,Bob,1086,3,3,4,0.27,2495.57,2025-04-09 22:38:00.549858
1246,2023-10-15,David,1099,39,3,4,0.13,6807.56,2025-04-09 22:38:00.549858
1247,2024-01-01,David,1078,42,3,4,0.03,8377.57,2025-04-09 22:38:00.549858
1248,2023-08-17,Bob,1060,16,3,4,0.24,8371.25,2025-04-09 22:38:00.549858
1249,2023-11-09,David,1033,6,1,4,0.12,7370.99,2025-04-09 22:38:00.549858
1250,2023-12-23,Bob,1023,47,3,4,0.18,1875.62,2025-04-09 22:38:00.549858
1251,2023-03-25,Bob,1053,1,3,4,0.24,7080.88,2025-04-09 22:38:00.549858
1252,2023-12-18,David,1014,4,1,4,0.24,5612.17,2025-04-09 22:38:00.549858
1253,2023-04-04,Bob,1051,12,3,4,0.19,198.25,2025-04-09 22:38:00.549858
1254,2023-01-25,Bob,1061,38,2,4,0.24,2375.28,2025-04-09 22:38:00.549858
1255,2023-04-21,Charlie,1088,29,3,4,0.29,456.59,2025-04-09 22:38:00.549858
1256,2023-07-28,David,1054,20,3,4,0.26,768.28,2025-04-09 22:38:00.549858
1257,2023-01-14,Bob,1058,6,3,4,0.17,5235.14,2025-04-09 22:38:00.549858
1258,2023-12-05,Eve,1094,12,3,4,0.14,8264.96,2025-04-09 22:38:00.549858
1259,2023-02-09,Charlie,1046,3,3,4,0.14,9709.7,2025-04-09 22:38:00.549858
1260,2023-07-02,David,1014,7,2,4,0.27,9278.53,2025-04-09 22:38:00.549858
1261,2023-04-03,Charlie,1095,9,3,4,0.12,5873.59,2025-04-09 22:38:00.549858
1262,2023-01-18,Charlie,1080,44,1,4,0.24,5138.02,2025-04-09 22:38:00.549858
1263,2023-03-02,Eve,1058,49,3,4,0.24,5463.43,2025-04-09 22:38:00.549858
1264,2023-01-11,Eve,1077,35,2,3,0.15,9192.42,2025-04-09 22:38:00.549858
1265,2023-07-29,Alice,1044,47,2,3,0.12,6144.41,2025-04-09 22:38:00.549858
1266,2023-08-25,Bob,1032,23,1,3,0.17,8841.64,2025-04-09 22:38:00.549858
1267,2023-03-28,Charlie,1066,7,2,3,0.2,7297.86,2025-04-09 22:38:00.549858
1268,2023-04-08,Eve,1098,5,1,3,0.1,9452.89,2025-04-09 22:38:00.549858
1269,2023-07-30,Alice,1048,6,1,3,0.26,9527.0,2025-04-09 22:38:00.549858
1270,2023-08-24,Alice,1079,8,2,3,0.26,9972.66,2025-04-09 22:38:00.549858
1271,2023-12-26,Charlie,1072,23,2,3,0.12,3635.5,2025-04-09 22:38:00.549858
1272,2023-11-03,Alice,1028,38,2,3,0.1,5755.48,2025-04-09 22:38:00.549858
1273,2023-09-04,Alice,1081,23,2,3,0.1,7215.52,2025-04-09 22:38:00.549858
1274,2023-01-15,Bob,1094,45,3,3,0.06,8872.33,2025-04-09 22:38:00.549858
1275,2023-03-04,Bob,1094,49,1,3,0.21,3992.63,2025-04-09 22:38:00.549858
1276,2023-01-25,Eve,1011,22,3,3,0.15,2896.48,2025-04-09 22:38:00.549858
1277,2023-04-28,Charlie,1023,5,1,3,0.22,9850.1,2025-04-09 22:38:00.549858
1278,2023-09-30,Charlie,1023,8,3,3,0.15,8046.14,2025-04-09 22:38:00.549858
1279,2023-05-28,Alice,1050,6,1,3,0.11,8086.27,2025-04-09 22:38:00.549858
1280,2023-12-06,Eve,1085,42,3,3,0.04,397.26,2025-04-09 22:38:00.549858
1281,2023-07-18,Alice,1019,12,1,3,0.19,7948.31,2025-04-09 22:38:00.549858
1282,2023-01-09,Alice,1066,48,3,3,0.17,6264.04,2025-04-09 22:38:00.549858
1283,2023-10-27,Eve,1087,27,1,3,0.18,1515.71,2025-04-09 22:38:00.549858
1284,2023-01-01,Eve,1008,38,3,3,0.05,5227.81,2025-04-09 22:38:00.549858
1285,2023-05-30,David,1002,17,3,3,0.04,6810.35,2025-04-09 22:38:00.549858
1286,2023-04-27,Bob,1064,13,3,3,0.28,717.7,2025-04-09 22:38:00.549858
1287,2023-11-15,Alice,1051,23,2,3,0.15,4703.59,2025-04-09 22:38:00.549858
1288,2023-06-26,David,1071,35,1,3,0.03,6664.17,2025-04-09 22:38:00.549858
1289,2023-06-28,Bob,1059,13,1,3,0.19,2338.64,2025-04-09 22:38:00.549858
1290,2023-12-22,Alice,1061,45,3,3,0.18,1990.17,2025-04-09 22:38:00.549858
1291,2023-09-08,Eve,1020,26,1,3,0.01,9733.47,2025-04-09 22:38:00.549858
1292,2023-09-23,Bob,1036,42,2,3,0.14,3971.23,2025-04-09 22:38:00.549858
1293,2023-07-10,David,1047,36,3,3,0.14,6976.95,2025-04-09 22:38:00.549858
1294,2023-12-06,Alice,1073,31,2,3,0.25,2273.58,2025-04-09 22:38:00.549858
1295,2023-04-22,Eve,1002,9,2,3,0.18,6551.23,2025-04-09 22:38:00.549858
1296,2023-06-04,Eve,1021,22,3,3,0.22,2265.28,2025-04-09 22:38:00.549858
1297,2023-01-24,Eve,1017,27,1,3,0.27,4637.4,2025-04-09 22:38:00.549858
1298,2023-02-03,Bob,1052,18,3,3,0.09,5053.97,2025-04-09 22:38:00.549858
1299,2023-11-09,David,1014,9,1,3,0.14,6016.92,2025-04-09 22:38:00.549858
1300,2023-10-16,Charlie,1015,23,3,3,0.03,7946.69,2025-04-09 22:38:00.549858
1301,2023-01-07,Eve,1065,6,1,3,0.11,2365.87,2025-04-09 22:38:00.549858
1302,2023-07-21,Eve,1023,4,2,3,0.05,2282.99,2025-04-09 22:38:00.549858
1303,2023-03-13,David,1038,9,2,3,0.01,763.46,2025-04-09 22:38:00.549858
1304,2023-03-05,Bob,1050,20,2,3,0.24,9755.9,2025-04-09 22:38:00.549858
1305,2023-09-16,Bob,1006,49,3,3,0.08,8995.75,2025-04-09 22:38:00.549858
1306,2023-04-03,Alice,1099,30,2,3,0.18,2571.72,2025-04-09 22:38:00.549858
1307,2023-07-26,David,1015,9,2,3,0.05,2706.15,2025-04-09 22:38:00.549858
1308,2023-06-14,Alice,1007,9,1,3,0.12,249.6,2025-04-09 22:38:00.549858
1309,2023-06-24,Alice,1024,43,3,3,0.25,8292.31,2025-04-09 22:38:00.549858
1310,2023-07-27,Eve,1078,3,2,3,0.01,4127.37,2025-04-09 22:38:00.549858
1311,2023-03-17,Bob,1017,28,3,3,0.1,2401.81,2025-04-09 22:38:00.549858
1312,2023-11-24,Eve,1021,15,1,3,0.16,213.04,2025-04-09 22:38:00.549858
1313,2023-03-03,Charlie,1089,4,2,3,0.18,2122.73,2025-04-09 22:38:00.549858
1314,2023-09-23,Charlie,1100,19,3,3,0.12,797.87,2025-04-09 22:38:00.549858
1315,2023-04-14,David,1052,5,2,3,0.23,1834.7,2025-04-09 22:38:00.549858
1316,2023-02-03,Bob,1013,42,1,3,0.19,6520.2,2025-04-09 22:38:00.549858
1317,2023-10-20,David,1002,30,1,3,0.1,5842.88,2025-04-09 22:38:00.549858
1318,2023-05-28,Bob,1006,11,3,3,0.23,8109.33,2025-04-09 22:38:00.549858
1319,2023-12-29,Eve,1024,5,1,3,0.27,9190.57,2025-04-09 22:38:00.549858
1320,2023-05-12,Bob,1033,16,2,3,0.2,5055.98,2025-04-09 22:38:00.549858
1321,2023-04-14,David,1032,45,3,3,0.07,2286.44,2025-04-09 22:38:00.549858
1322,2023-04-24,David,1024,35,3,3,0.26,4670.99,2025-04-09 22:38:00.549858
1323,2023-11-20,Bob,1012,1,2,3,0.22,5858.06,2025-04-09 22:38:00.549858
1324,2023-08-11,Eve,1027,43,3,3,0.01,1657.0,2025-04-09 22:38:00.549858
1325,2023-07-04,Charlie,1029,31,3,3,0.15,5240.32,2025-04-09 22:38:00.549858
1326,2023-07-12,Alice,1023,2,1,3,0.1,5051.12,2025-04-09 22:38:00.549858
1327,2023-09-27,Eve,1047,32,1,3,0.22,8657.89,2025-04-09 22:38:00.549858
1328,2023-09-29,Bob,1036,7,3,3,0.22,6116.75,2025-04-09 22:38:00.549858
1329,2023-12-12,Eve,1051,8,1,3,0.2,2479.95,2025-04-09 22:38:00.549858
1330,2023-09-27,Eve,1088,12,3,3,0.15,7106.44,2025-04-09 22:38:00.549858
1331,2023-01-31,Charlie,1057,36,3,3,0.24,975.01,2025-04-09 22:38:00.549858
1332,2023-08-14,Bob,1063,27,3,3,0.22,9956.75,2025-04-09 22:38:00.549858
1333,2023-06-26,Eve,1089,35,3,3,0.22,9029.21,2025-04-09 22:38:00.549858
1334,2023-07-19,Charlie,1062,10,1,3,0.08,5684.33,2025-04-09 22:38:00.549858
1335,2023-06-23,Bob,1067,11,3,3,0.27,914.5,2025-04-09 22:38:00.549858
1336,2023-09-26,Eve,1090,11,3,3,0.18,7350.77,2025-04-09 22:38:00.549858
1337,2023-05-23,Bob,1067,49,3,3,0.11,3133.99,2025-04-09 22:38:00.549858
1338,2023-06-26,Alice,1064,21,1,3,0.02,6201.37,2025-04-09 22:38:00.549858
1339,2023-08-24,Eve,1089,4,1,3,0.12,2528.99,2025-04-09 22:38:00.549858
1340,2023-08-27,Eve,1021,19,3,3,0.28,671.55,2025-04-09 22:38:00.549858
1341,2023-11-13,Alice,1050,28,3,3,0.22,4638.47,2025-04-09 22:38:00.549858
1342,2023-11-02,Charlie,1069,23,1,3,0.23,6283.68,2025-04-09 22:38:00.549858
1343,2023-10-20,David,1036,49,3,3,0.16,6499.94,2025-04-09 22:38:00.549858
1344,2023-06-07,Alice,1014,3,3,3,0.08,408.38,2025-04-09 22:38:00.549858
1345,2023-09-07,Bob,1067,37,2,3,0.21,4716.36,2025-04-09 22:38:00.549858
1346,2023-05-02,David,1036,42,1,3,0.07,6650.51,2025-04-09 22:38:00.549858
1347,2023-05-17,Alice,1004,36,3,3,0.14,5198.56,2025-04-09 22:38:00.549858
1348,2023-03-13,Alice,1030,39,1,3,0.19,9385.86,2025-04-09 22:38:00.549858
1349,2023-10-29,David,1034,34,1,3,0.12,8919.47,2025-04-09 22:38:00.549858
1350,2023-01-22,Alice,1035,28,1,3,0.28,8387.48,2025-04-09 22:38:00.549858
1351,2023-03-05,Eve,1058,48,3,3,0.04,252.41,2025-04-09 22:38:00.549858
1352,2023-06-22,Eve,1084,49,1,3,0.26,6658.1,2025-04-09 22:38:00.549858
1353,2023-11-16,Eve,1088,13,2,3,0.23,8518.45,2025-04-09 22:38:00.549858
1354,2023-06-26,Charlie,1016,3,2,3,0.06,9027.56,2025-04-09 22:38:00.549858
1355,2023-06-11,Alice,1082,17,3,3,0.06,7041.58,2025-04-09 22:38:00.549858
1356,2023-12-29,David,1022,10,3,3,0.11,4557.52,2025-04-09 22:38:00.549858
1357,2023-01-09,Charlie,1057,12,2,3,0.04,2114.38,2025-04-09 22:38:00.549858
1358,2023-09-08,Alice,1046,30,3,3,0.08,8398.48,2025-04-09 22:38:00.549858
1359,2023-11-10,Alice,1090,16,2,3,0.0,3349.51,2025-04-09 22:38:00.549858
1360,2023-09-23,Charlie,1093,40,1,3,0.28,9787.4,2025-04-09 22:38:00.549858
1361,2023-06-30,Bob,1086,46,3,3,0.0,8414.04,2025-04-09 22:38:00.549858
1362,2023-03-27,Alice,1096,48,1,3,0.01,4821.31,2025-04-09 22:38:00.549858
1363,2023-03-16,Eve,1039,35,1,3,0.1,6076.01,2025-04-09 22:38:00.549858
1364,2023-06-06,Bob,1042,20,1,3,0.3,9442.65,2025-04-09 22:38:00.549858
1365,2023-06-03,Eve,1090,41,1,3,0.24,2132.8,2025-04-09 22:38:00.549858
1366,2023-05-25,Eve,1005,2,2,3,0.02,833.64,2025-04-09 22:38:00.549858
1367,2023-01-04,Eve,1051,14,2,3,0.1,4979.36,2025-04-09 22:38:00.549858
1368,2023-06-28,Charlie,1090,41,1,3,0.06,5976.25,2025-04-09 22:38:00.549858
1369,2023-03-08,Alice,1005,12,1,3,0.25,4426.26,2025-04-09 22:38:00.549858
1370,2023-04-05,Bob,1062,48,3,3,0.29,2959.96,2025-04-09 22:38:00.549858
1371,2023-11-17,Charlie,1062,28,3,3,0.08,4790.72,2025-04-09 22:38:00.549858
1372,2023-08-02,Bob,1096,30,2,3,0.08,4815.72,2025-04-09 22:38:00.549858
1373,2023-08-15,Charlie,1075,28,2,3,0.27,9972.11,2025-04-09 22:38:00.549858
1374,2023-10-28,Charlie,1081,23,3,3,0.21,5571.36,2025-04-09 22:38:00.549858
1375,2023-09-20,David,1097,45,3,3,0.24,6759.76,2025-04-09 22:38:00.549858
1376,2023-11-19,David,1040,47,2,3,0.01,6601.62,2025-04-09 22:38:00.549858
1377,2023-10-22,David,1012,34,2,3,0.21,4384.88,2025-04-09 22:38:00.549858
1378,2023-08-11,Charlie,1082,43,2,3,0.05,3207.37,2025-04-09 22:38:00.549858
1379,2023-10-15,Charlie,1048,42,1,3,0.13,4510.86,2025-04-09 22:38:00.549858
1380,2023-01-07,Bob,1021,9,2,3,0.17,2971.45,2025-04-09 22:38:00.549858
1381,2023-01-15,Charlie,1040,19,1,3,0.09,8601.77,2025-04-09 22:38:00.549858
1382,2023-08-09,David,1047,41,3,3,0.06,1910.09,2025-04-09 22:38:00.549858
1383,2023-06-15,Eve,1075,26,1,3,0.14,9736.49,2025-04-09 22:38:00.549858
1384,2023-07-12,Eve,1046,17,1,3,0.16,485.49,2025-04-09 22:38:00.549858
1385,2023-06-10,Alice,1028,2,2,3,0.06,7987.15,2025-04-09 22:38:00.549858
1386,2023-12-19,Eve,1029,21,3,3,0.21,5694.34,2025-04-09 22:38:00.549858
1387,2023-01-23,David,1018,20,2,3,0.26,7019.59,2025-04-09 22:38:00.549858
1388,2023-10-29,Charlie,1044,11,3,3,0.08,1996.77,2025-04-09 22:38:00.549858
1389,2023-12-08,David,1031,22,2,3,0.2,7567.06,2025-04-09 22:38:00.549858
1390,2023-05-07,David,1073,29,2,3,0.22,1347.42,2025-04-09 22:38:00.549858
1391,2023-03-13,Alice,1032,20,1,3,0.09,5768.81,2025-04-09 22:38:00.549858
1392,2023-01-16,Alice,1034,13,1,3,0.12,1937.9,2025-04-09 22:38:00.549858
1393,2023-07-07,Eve,1004,35,2,3,0.09,6772.8,2025-04-09 22:38:00.549858
1394,2023-01-17,Charlie,1029,31,2,3,0.17,6275.06,2025-04-09 22:38:00.549858
1395,2023-08-10,Alice,1017,43,1,3,0.03,7400.52,2025-04-09 22:38:00.549858
1396,2023-01-26,David,1023,36,1,3,0.28,2676.34,2025-04-09 22:38:00.549858
1397,2023-02-24,Bob,1068,22,2,3,0.26,5118.51,2025-04-09 22:38:00.549858
1398,2023-08-31,Alice,1059,35,1,3,0.02,1203.97,2025-04-09 22:38:00.549858
1399,2023-05-29,Eve,1055,40,2,3,0.23,4153.18,2025-04-09 22:38:00.549858
1400,2023-07-20,Bob,1086,17,1,3,0.21,7075.09,2025-04-09 22:38:00.549858
1401,2023-12-25,David,1047,43,3,3,0.08,7405.06,2025-04-09 22:38:00.549858
1402,2023-08-08,David,1047,33,1,3,0.15,1331.25,2025-04-09 22:38:00.549858
1403,2023-06-26,David,1025,47,1,3,0.25,2457.65,2025-04-09 22:38:00.549858
1404,2023-07-17,David,1090,14,1,3,0.2,5076.05,2025-04-09 22:38:00.549858
1405,2023-10-12,Alice,1032,17,1,3,0.11,3035.94,2025-04-09 22:38:00.549858
1406,2023-11-26,David,1070,40,3,3,0.29,5813.51,2025-04-09 22:38:00.549858
1407,2023-10-27,David,1089,43,1,3,0.3,7751.92,2025-04-09 22:38:00.549858
1408,2023-04-28,Alice,1009,33,1,3,0.05,1342.95,2025-04-09 22:38:00.549858
1409,2023-05-16,Charlie,1062,46,3,3,0.03,8495.62,2025-04-09 22:38:00.549858
1410,2023-06-21,Eve,1018,28,2,3,0.15,750.38,2025-04-09 22:38:00.549858
1411,2023-10-15,David,1025,44,1,3,0.02,3422.54,2025-04-09 22:38:00.549858
1412,2023-07-17,Charlie,1089,31,3,3,0.03,3438.35,2025-04-09 22:38:00.549858
1413,2023-09-21,David,1062,37,1,3,0.14,2994.59,2025-04-09 22:38:00.549858
1414,2023-11-29,David,1002,24,1,3,0.09,333.59,2025-04-09 22:38:00.549858
1415,2023-01-01,Charlie,1089,35,1,3,0.14,8130.13,2025-04-09 22:38:00.549858
1416,2023-12-10,David,1036,7,3,3,0.05,9989.04,2025-04-09 22:38:00.549858
1417,2023-06-17,Charlie,1044,6,1,3,0.25,2541.38,2025-04-09 22:38:00.549858
1418,2023-11-19,David,1033,37,1,3,0.17,349.41,2025-04-09 22:38:00.549858
1419,2023-10-16,Bob,1053,48,3,3,0.18,2235.83,2025-04-09 22:38:00.549858
1420,2023-12-21,Bob,1053,44,1,3,0.08,660.2,2025-04-09 22:38:00.549858
1421,2023-11-14,David,1001,36,2,3,0.16,4944.99,2025-04-09 22:38:00.549858
1422,2023-09-30,Charlie,1048,4,1,3,0.22,7873.38,2025-04-09 22:38:00.549858
1423,2023-11-25,Eve,1074,42,3,3,0.23,3570.15,2025-04-09 22:38:00.549858
1424,2023-08-21,David,1050,17,3,3,0.13,9976.52,2025-04-09 22:38:00.549858
1425,2023-10-13,Charlie,1099,14,1,3,0.22,7614.15,2025-04-09 22:38:00.549858
1426,2023-04-09,Alice,1039,3,3,3,0.27,763.04,2025-04-09 22:38:00.549858
1427,2023-01-23,Bob,1037,40,2,3,0.26,9813.81,2025-04-09 22:38:00.549858
1428,2023-01-12,Charlie,1087,21,2,3,0.03,6701.79,2025-04-09 22:38:00.549858
1429,2023-04-18,Eve,1061,47,3,3,0.06,3774.02,2025-04-09 22:38:00.549858
1430,2023-05-25,Alice,1091,24,2,3,0.23,9610.21,2025-04-09 22:38:00.549858
1431,2023-04-15,Eve,1013,42,3,3,0.04,7255.1,2025-04-09 22:38:00.549858
1432,2023-03-22,Eve,1097,6,2,3,0.17,6747.64,2025-04-09 22:38:00.549858
1433,2023-12-15,Alice,1061,32,2,3,0.2,3867.13,2025-04-09 22:38:00.549858
1434,2023-12-03,David,1069,35,3,3,0.14,6521.53,2025-04-09 22:38:00.549858
1435,2023-05-08,Charlie,1067,32,2,3,0.22,2850.74,2025-04-09 22:38:00.549858
1436,2023-08-12,Charlie,1018,9,2,3,0.17,2835.56,2025-04-09 22:38:00.549858
1437,2023-08-10,Charlie,1075,17,2,3,0.24,9217.85,2025-04-09 22:38:00.549858
1438,2023-01-09,Charlie,1067,48,2,3,0.04,1875.71,2025-04-09 22:38:00.549858
1439,2023-10-18,David,1089,15,1,3,0.29,7405.38,2025-04-09 22:38:00.549858
1440,2023-01-11,Eve,1044,5,3,3,0.25,3594.29,2025-04-09 22:38:00.549858
1441,2023-11-14,David,1012,14,2,3,0.03,4976.43,2025-04-09 22:38:00.549858
1442,2023-06-19,David,1045,36,1,3,0.1,2768.17,2025-04-09 22:38:00.549858
1443,2023-10-15,David,1035,1,1,3,0.22,9476.2,2025-04-09 22:38:00.549858
1444,2023-02-05,David,1048,42,1,3,0.22,9070.26,2025-04-09 22:38:00.549858
1445,2023-11-22,Charlie,1093,22,2,3,0.13,862.1,2025-04-09 22:38:00.549858
1446,2023-04-21,Eve,1009,47,2,3,0.2,9813.66,2025-04-09 22:38:00.549858
1447,2023-04-11,Bob,1002,21,3,3,0.14,1942.75,2025-04-09 22:38:00.549858
1448,2023-06-30,Eve,1032,6,1,3,0.07,3312.67,2025-04-09 22:38:00.549858
1449,2023-07-01,Eve,1027,15,1,3,0.23,8666.43,2025-04-09 22:38:00.549858
1450,2023-12-29,David,1058,34,1,3,0.08,2714.21,2025-04-09 22:38:00.549858
1451,2023-01-15,Eve,1017,6,2,3,0.1,289.53,2025-04-09 22:38:00.549858
1452,2023-02-24,Alice,1054,43,1,3,0.03,5664.52,2025-04-09 22:38:00.549858
1453,2023-02-28,Eve,1056,37,1,3,0.16,6629.16,2025-04-09 22:38:00.549858
1454,2023-02-04,Charlie,1038,7,3,3,0.04,8753.31,2025-04-09 22:38:00.549858
1455,2023-07-20,Eve,1062,48,1,3,0.09,903.38,2025-04-09 22:38:00.549858
1456,2023-01-27,Eve,1016,41,2,3,0.21,2783.85,2025-04-09 22:38:00.549858
1457,2023-04-05,Alice,1058,33,2,3,0.07,2072.23,2025-04-09 22:38:00.549858
1458,2023-07-14,Eve,1081,16,1,3,0.01,7001.64,2025-04-09 22:38:00.549858
1459,2023-08-06,David,1079,45,3,3,0.17,1107.86,2025-04-09 22:38:00.549858
1460,2023-10-16,Charlie,1063,4,2,3,0.3,9775.35,2025-04-09 22:38:00.549858
1461,2023-07-01,David,1090,31,3,3,0.06,2150.05,2025-04-09 22:38:00.549858
1462,2023-04-29,Alice,1093,34,3,3,0.05,7353.72,2025-04-09 22:38:00.549858
1463,2023-05-02,Alice,1051,34,2,3,0.05,6833.11,2025-04-09 22:38:00.549858
1464,2023-06-27,Charlie,1021,19,1,3,0.0,3777.53,2025-04-09 22:38:00.549858
1465,2023-12-22,Eve,1004,11,3,3,0.13,8485.9,2025-04-09 22:38:00.549858
1466,2023-05-21,Alice,1059,37,3,3,0.06,5108.98,2025-04-09 22:38:00.549858
1467,2023-12-25,Bob,1056,25,2,3,0.29,2809.04,2025-04-09 22:38:00.549858
1468,2023-01-10,Eve,1094,25,2,3,0.17,2548.67,2025-04-09 22:38:00.549858
1469,2023-01-29,Eve,1042,25,2,3,0.13,9772.37,2025-04-09 22:38:00.549858
1470,2023-02-03,Charlie,1035,5,3,3,0.23,1736.32,2025-04-09 22:38:00.549858
1471,2023-06-14,Eve,1008,24,1,3,0.21,1403.98,2025-04-09 22:38:00.549858
1472,2023-11-01,Charlie,1093,46,1,3,0.21,664.09,2025-04-09 22:38:00.549858
1473,2023-01-04,Eve,1090,14,1,3,0.27,1028.39,2025-04-09 22:38:00.549858
1474,2023-04-23,Eve,1008,35,2,3,0.29,9154.03,2025-04-09 22:38:00.549858
1475,2023-09-08,Charlie,1087,20,3,3,0.22,119.72,2025-04-09 22:38:00.549858
1476,2023-01-21,Charlie,1003,3,3,3,0.09,6395.81,2025-04-09 22:38:00.549858
1477,2023-08-27,Charlie,1019,18,1,3,0.09,2558.92,2025-04-09 22:38:00.549858
1478,2023-07-15,David,1017,23,2,3,0.07,5705.19,2025-04-09 22:38:00.549858
1479,2023-08-04,Alice,1028,38,3,3,0.26,2363.9,2025-04-09 22:38:00.549858
1480,2023-12-20,David,1058,2,1,3,0.09,2782.33,2025-04-09 22:38:00.549858
1481,2023-11-19,Bob,1045,2,1,3,0.09,1649.12,2025-04-09 22:38:00.549858
1482,2023-04-24,David,1054,48,1,3,0.04,7524.78,2025-04-09 22:38:00.549858
1483,2023-04-30,Charlie,1006,19,3,3,0.29,6233.31,2025-04-09 22:38:00.549858
1484,2023-10-12,David,1052,46,3,3,0.29,7444.77,2025-04-09 22:38:00.549858
1485,2023-01-09,Charlie,1037,41,1,3,0.01,7750.81,2025-04-09 22:38:00.549858
1486,2023-05-17,Bob,1050,45,1,3,0.28,2254.91,2025-04-09 22:38:00.549858
1487,2023-07-03,Charlie,1066,15,2,3,0.04,6380.2,2025-04-09 22:38:00.549858
1488,2023-08-08,Alice,1044,18,3,3,0.13,4912.69,2025-04-09 22:38:00.549858
1489,2023-08-05,Bob,1001,4,2,3,0.12,8247.54,2025-04-09 22:38:00.549858
1490,2023-08-20,Bob,1005,21,1,3,0.0,4400.59,2025-04-09 22:38:00.549858
1491,2023-10-22,Bob,1060,11,1,3,0.17,2661.25,2025-04-09 22:38:00.549858
1492,2023-10-18,Alice,1059,28,1,3,0.01,5097.48,2025-04-09 22:38:00.549858
1493,2023-10-30,David,1053,1,3,3,0.25,6033.09,2025-04-09 22:38:00.549858
1494,2023-04-12,Charlie,1063,40,2,3,0.26,5886.04,2025-04-09 22:38:00.549858
1495,2023-12-20,Eve,1069,12,2,3,0.2,5429.49,2025-04-09 22:38:00.549858
1496,2023-05-30,Eve,1002,44,1,3,0.24,3737.17,2025-04-09 22:38:00.549858
1497,2023-09-21,Bob,1076,26,1,3,0.29,611.52,2025-04-09 22:38:00.549858
1498,2023-02-13,Eve,1076,17,2,3,0.14,6697.98,2025-04-09 22:38:00.549858
1499,2023-12-13,Charlie,1092,15,3,3,0.3,3206.89,2025-04-09 22:38:00.549858
1500,2023-02-23,Eve,1100,43,1,3,0.01,849.43,2025-04-09 22:38:00.549858
1501,2023-01-05,Bob,1052,11,1,3,0.3,8837.34,2025-04-09 22:38:00.549858
1502,2023-12-10,Bob,1037,32,3,3,0.14,6351.05,2025-04-09 22:38:00.549858
1503,2023-10-12,Charlie,1010,20,3,3,0.16,9907.72,2025-04-09 22:38:00.549858
1504,2023-05-29,Alice,1069,30,2,3,0.11,4494.8,2025-04-09 22:38:00.549858
1505,2023-08-06,Bob,1069,4,1,3,0.01,7936.43,2025-04-09 22:38:00.549858
1506,2023-08-31,Eve,1028,28,1,3,0.19,5403.0,2025-04-09 22:38:00.549858
1507,2023-12-26,David,1024,17,2,3,0.27,2565.19,2025-04-09 22:38:00.549858
1508,2023-01-31,Alice,1042,11,3,3,0.02,5207.03,2025-04-09 22:38:00.549858
1509,2023-02-20,Charlie,1017,16,1,3,0.04,8189.57,2025-04-09 22:38:00.549858
1510,2023-10-09,David,1095,21,2,3,0.24,8828.74,2025-04-09 22:38:00.549858
1511,2023-07-09,David,1086,28,1,3,0.17,7041.28,2025-04-09 22:38:00.549858
1512,2023-11-06,David,1071,47,1,3,0.03,7262.09,2025-04-09 22:38:00.549858
1513,2023-12-10,Bob,1020,45,2,3,0.08,9671.77,2025-04-09 22:38:00.549858
1514,2023-09-08,Eve,1005,9,3,3,0.07,7103.23,2025-04-09 22:38:00.549858
1515,2023-08-12,David,1060,5,3,3,0.13,1756.48,2025-04-09 22:38:00.549858
1516,2023-04-15,Charlie,1010,4,3,3,0.29,4733.88,2025-04-09 22:38:00.549858
1517,2023-04-29,Charlie,1056,10,2,3,0.15,8274.54,2025-04-09 22:38:00.549858
1518,2023-12-16,Bob,1074,19,1,3,0.24,6310.56,2025-04-09 22:38:00.549858
1519,2023-05-20,Bob,1012,16,3,3,0.01,5371.79,2025-04-09 22:38:00.549858
1520,2023-09-17,Charlie,1100,17,1,3,0.13,4795.12,2025-04-09 22:38:00.549858
1521,2023-02-08,Charlie,1090,44,3,3,0.12,1740.91,2025-04-09 22:38:00.549858
1522,2023-11-12,Alice,1001,8,2,3,0.09,715.81,2025-04-09 22:38:00.549858
1523,2023-10-28,David,1033,43,2,3,0.25,1115.42,2025-04-09 22:38:00.549858
1524,2023-05-11,Bob,1051,36,2,3,0.04,5578.37,2025-04-09 22:38:00.549858
1525,2023-06-15,David,1072,35,1,3,0.18,6976.49,2025-04-09 22:38:00.549858
1526,2023-05-11,Charlie,1003,26,1,3,0.19,6760.37,2025-04-09 22:38:00.549858
1527,2023-07-02,Alice,1067,36,2,3,0.2,8602.29,2025-04-09 22:38:00.549858
1528,2023-02-08,Eve,1033,39,2,3,0.12,8395.29,2025-04-09 22:38:00.549858
1529,2023-11-14,Eve,1012,6,2,3,0.3,519.98,2025-04-09 22:38:00.549858
1530,2023-02-01,Eve,1069,18,2,3,0.27,2726.73,2025-04-09 22:38:00.549858
1531,2023-12-30,David,1065,9,3,1,0.26,6801.71,2025-04-09 22:38:00.549858
1532,2023-11-14,David,1033,23,2,1,0.22,4011.8,2025-04-09 22:38:00.549858
1533,2023-09-21,David,1015,30,2,1,0.2,4631.23,2025-04-09 22:38:00.549858
1534,2023-01-17,Bob,1080,47,2,1,0.07,4224.0,2025-04-09 22:38:00.549858
1535,2023-10-22,Eve,1057,40,2,1,0.22,3297.97,2025-04-09 22:38:00.549858
1536,2023-01-17,Charlie,1076,16,2,1,0.21,8464.23,2025-04-09 22:38:00.549858
1537,2023-08-12,Charlie,1028,41,2,1,0.12,2490.82,2025-04-09 22:38:00.549858
1538,2023-06-29,Eve,1067,48,2,1,0.1,114.59,2025-04-09 22:38:00.549858
1539,2023-10-05,Alice,1063,27,2,1,0.06,7859.01,2025-04-09 22:38:00.549858
1540,2023-09-04,Charlie,1091,44,2,1,0.06,675.11,2025-04-09 22:38:00.549858
1541,2023-11-30,Alice,1082,41,2,1,0.21,6261.9,2025-04-09 22:38:00.549858
1542,2023-03-17,Eve,1024,46,2,1,0.19,5825.15,2025-04-09 22:38:00.549858
1543,2023-01-22,Alice,1006,29,2,1,0.04,5053.56,2025-04-09 22:38:00.549858
1544,2023-04-02,David,1005,46,2,1,0.22,1646.45,2025-04-09 22:38:00.549858
1545,2023-02-18,Alice,1007,34,2,1,0.07,876.71,2025-04-09 22:38:00.549858
1546,2023-01-12,Charlie,1045,35,2,1,0.17,9613.11,2025-04-09 22:38:00.549858
1547,2023-07-27,David,1062,44,2,1,0.24,4078.68,2025-04-09 22:38:00.549858
1548,2023-01-08,Eve,1039,4,2,1,0.12,3613.75,2025-04-09 22:38:00.549858
1549,2023-07-18,Eve,1050,43,2,1,0.03,6107.78,2025-04-09 22:38:00.549858
1550,2023-01-06,Eve,1087,46,2,1,0.12,7698.92,2025-04-09 22:38:00.549858
1551,2024-01-01,Bob,1098,11,2,1,0.27,2370.72,2025-04-09 22:38:00.549858
1552,2023-04-12,Bob,1081,19,2,1,0.07,9680.84,2025-04-09 22:38:00.549858
1553,2023-03-21,Eve,1084,40,2,1,0.21,3617.67,2025-04-09 22:38:00.549858
1554,2023-07-13,Alice,1054,47,2,1,0.25,7002.37,2025-04-09 22:38:00.549858
1555,2023-03-18,Eve,1095,43,2,1,0.23,8057.67,2025-04-09 22:38:00.549858
1556,2023-04-26,David,1075,37,2,1,0.13,1457.77,2025-04-09 22:38:00.549858
1557,2023-12-25,Eve,1089,32,2,1,0.01,2032.88,2025-04-09 22:38:00.549858
1558,2023-05-11,Alice,1099,48,2,1,0.19,3518.89,2025-04-09 22:38:00.549858
1559,2023-12-26,David,1032,11,2,1,0.29,4244.21,2025-04-09 22:38:00.549858
1560,2023-05-03,Bob,1061,41,2,1,0.28,7277.56,2025-04-09 22:38:00.549858
1561,2023-08-01,Bob,1063,4,2,1,0.09,6346.13,2025-04-09 22:38:00.549858
1562,2023-03-28,Charlie,1063,42,2,1,0.12,4947.28,2025-04-09 22:38:00.549858
1563,2023-06-14,Alice,1011,38,2,1,0.06,4531.97,2025-04-09 22:38:00.549858
1564,2023-10-15,Charlie,1090,48,2,1,0.01,9702.27,2025-04-09 22:38:00.549858
1565,2023-06-29,David,1075,30,2,1,0.05,4223.39,2025-04-09 22:38:00.549858
1566,2023-08-27,David,1008,40,2,1,0.26,4432.85,2025-04-09 22:38:00.549858
1567,2023-04-27,David,1018,17,2,1,0.06,7629.7,2025-04-09 22:38:00.549858
1568,2023-04-22,Eve,1061,39,2,1,0.25,8345.02,2025-04-09 22:38:00.549858
1569,2023-05-05,Eve,1062,26,2,1,0.25,594.79,2025-04-09 22:38:00.549858
1570,2023-07-16,Alice,1017,18,2,1,0.22,3137.09,2025-04-09 22:38:00.549858
1571,2023-10-20,David,1099,23,2,1,0.3,7859.22,2025-04-09 22:38:00.549858
1572,2023-02-22,Alice,1046,46,2,1,0.09,3391.32,2025-04-09 22:38:00.549858
1573,2023-10-07,Alice,1060,23,2,1,0.17,6453.17,2025-04-09 22:38:00.549858
1574,2023-10-05,Alice,1066,4,2,1,0.01,3530.59,2025-04-09 22:38:00.549858
1575,2023-05-14,Eve,1001,35,2,1,0.05,2669.46,2025-04-09 22:38:00.549858
1576,2023-10-20,Alice,1048,6,2,1,0.03,9688.52,2025-04-09 22:38:00.549858
1577,2023-12-22,Bob,1025,11,2,1,0.21,6030.54,2025-04-09 22:38:00.549858
1578,2023-06-02,Bob,1057,12,2,1,0.05,9653.65,2025-04-09 22:38:00.549858
1579,2023-04-27,Alice,1020,33,2,1,0.28,7095.64,2025-04-09 22:38:00.549858
1580,2023-10-14,Charlie,1076,23,2,1,0.24,8674.35,2025-04-09 22:38:00.549858
1581,2023-08-17,Charlie,1022,21,2,1,0.29,8813.55,2025-04-09 22:38:00.549858
1582,2023-02-15,David,1025,45,2,1,0.2,4140.7,2025-04-09 22:38:00.549858
1583,2023-05-29,Charlie,1070,14,2,1,0.24,1108.74,2025-04-09 22:38:00.549858
1584,2023-05-03,David,1015,30,2,1,0.25,6699.34,2025-04-09 22:38:00.549858
1585,2023-11-26,Bob,1043,3,2,1,0.25,1710.73,2025-04-09 22:38:00.549858
1586,2023-06-06,Bob,1045,15,2,1,0.0,3284.53,2025-04-09 22:38:00.549858
1587,2023-11-01,Alice,1026,36,2,1,0.2,7895.13,2025-04-09 22:38:00.549858
1588,2023-05-10,Bob,1030,43,2,1,0.24,1273.18,2025-04-09 22:38:00.549858
1589,2023-01-25,Eve,1048,7,2,1,0.19,4961.85,2025-04-09 22:38:00.549858
1590,2023-03-27,Eve,1010,37,2,1,0.01,8159.84,2025-04-09 22:38:00.549858
1591,2023-11-24,Alice,1024,22,2,1,0.07,3633.17,2025-04-09 22:38:00.549858
1592,2023-03-10,Eve,1027,21,2,1,0.06,3985.34,2025-04-09 22:38:00.549858
1593,2023-03-23,Bob,1092,18,2,1,0.2,7914.0,2025-04-09 22:38:00.549858
1594,2023-10-20,Charlie,1043,22,2,1,0.17,5081.01,2025-04-09 22:38:00.549858
1595,2023-06-20,Alice,1012,47,2,1,0.12,2019.24,2025-04-09 22:38:00.549858
1596,2023-05-28,Bob,1062,28,2,1,0.18,7567.22,2025-04-09 22:38:00.549858
1597,2023-01-04,Eve,1074,38,2,1,0.0,7508.72,2025-04-09 22:38:00.549858
1598,2023-04-18,Alice,1012,9,2,1,0.13,1874.61,2025-04-09 22:38:00.549858
1599,2023-08-15,Alice,1046,4,2,1,0.09,2373.02,2025-04-09 22:38:00.549858
1600,2023-02-16,David,1044,22,2,1,0.22,7754.1,2025-04-09 22:38:00.549858
1601,2023-12-25,David,1010,30,2,1,0.17,2418.61,2025-04-09 22:38:00.549858
1602,2023-11-01,Bob,1096,17,2,1,0.23,8718.22,2025-04-09 22:38:00.549858
1603,2023-07-06,Eve,1055,16,2,1,0.09,1242.41,2025-04-09 22:38:00.549858
1604,2023-11-12,Eve,1062,9,2,1,0.15,8681.03,2025-04-09 22:38:00.549858
1605,2023-03-13,Bob,1061,11,2,1,0.01,6321.42,2025-04-09 22:38:00.549858
1606,2023-10-14,David,1002,39,2,1,0.24,8951.53,2025-04-09 22:38:00.549858
1607,2023-08-29,Eve,1042,27,2,1,0.3,3955.11,2025-04-09 22:38:00.549858
1608,2023-06-10,Bob,1054,21,2,1,0.05,7853.66,2025-04-09 22:38:00.549858
1609,2023-08-14,Alice,1066,20,2,1,0.03,4891.49,2025-04-09 22:38:00.549858
1610,2023-12-12,Alice,1053,47,2,1,0.15,3382.49,2025-04-09 22:38:00.549858
1611,2023-11-27,Alice,1021,31,2,1,0.24,6483.84,2025-04-09 22:38:00.549858
1612,2023-01-01,Eve,1070,12,2,1,0.25,783.18,2025-04-09 22:38:00.549858
1613,2023-02-09,David,1039,20,2,1,0.21,9091.46,2025-04-09 22:38:00.549858
1614,2023-08-25,Charlie,1072,12,2,1,0.03,2490.86,2025-04-09 22:38:00.549858
1615,2023-01-10,Eve,1054,40,3,1,0.08,4634.16,2025-04-09 22:38:00.549858
1616,2023-09-14,Eve,1001,39,3,1,0.25,2126.33,2025-04-09 22:38:00.549858
1617,2023-06-01,Alice,1099,2,3,1,0.16,2496.02,2025-04-09 22:38:00.549858
1618,2023-07-14,Bob,1027,22,3,1,0.07,6650.67,2025-04-09 22:38:00.549858
1619,2023-06-19,Eve,1029,27,3,1,0.01,8064.5,2025-04-09 22:38:00.549858
1620,2023-10-20,David,1096,10,3,1,0.12,7051.25,2025-04-09 22:38:00.549858
1621,2023-11-12,Bob,1070,9,3,1,0.1,7448.31,2025-04-09 22:38:00.549858
1622,2023-09-16,David,1012,19,3,1,0.03,1916.08,2025-04-09 22:38:00.549858
1623,2023-12-31,Alice,1086,33,3,1,0.21,9269.32,2025-04-09 22:38:00.549858
1624,2023-08-25,Bob,1041,31,3,1,0.17,854.77,2025-04-09 22:38:00.549858
1625,2023-09-19,Bob,1039,28,3,1,0.02,4306.02,2025-04-09 22:38:00.549858
1626,2023-06-03,David,1090,47,3,1,0.28,6106.64,2025-04-09 22:38:00.549858
1627,2023-01-15,David,1042,46,3,1,0.16,2298.55,2025-04-09 22:38:00.549858
1628,2023-12-29,Charlie,1049,38,3,1,0.23,4380.23,2025-04-09 22:38:00.549858
1629,2023-02-11,Eve,1034,26,3,1,0.2,2082.79,2025-04-09 22:38:00.549858
1630,2023-05-31,David,1064,8,3,1,0.03,2579.63,2025-04-09 22:38:00.549858
1631,2023-02-15,Alice,1074,31,3,1,0.14,3320.38,2025-04-09 22:38:00.549858
1632,2023-03-15,David,1060,44,3,1,0.04,8594.43,2025-04-09 22:38:00.549858
1633,2023-09-22,David,1015,22,3,1,0.02,9914.15,2025-04-09 22:38:00.549858
1634,2023-11-20,Bob,1084,15,3,1,0.02,2396.98,2025-04-09 22:38:00.549858
1635,2023-05-14,Eve,1049,22,3,1,0.04,9298.48,2025-04-09 22:38:00.549858
1636,2023-05-14,Bob,1064,8,3,1,0.04,5356.28,2025-04-09 22:38:00.549858
1637,2023-04-09,Charlie,1059,1,3,1,0.24,8063.7,2025-04-09 22:38:00.549858
1638,2023-05-17,Bob,1053,36,3,1,0.09,7835.09,2025-04-09 22:38:00.549858
1639,2023-11-26,Eve,1051,8,3,1,0.11,6339.45,2025-04-09 22:38:00.549858
1640,2023-03-16,David,1098,11,3,1,0.29,6780.38,2025-04-09 22:38:00.549858
1641,2023-04-28,Charlie,1003,27,3,1,0.04,5991.8,2025-04-09 22:38:00.549858
1642,2023-09-19,Alice,1037,17,3,1,0.3,4606.2,2025-04-09 22:38:00.549858
1643,2023-09-14,David,1074,29,3,1,0.3,8389.93,2025-04-09 22:38:00.549858
1644,2023-02-08,Alice,1078,49,3,1,0.25,9813.32,2025-04-09 22:38:00.549858
1645,2023-08-25,David,1024,42,3,1,0.25,1221.7,2025-04-09 22:38:00.549858
1646,2023-01-27,Bob,1065,12,3,1,0.04,1621.54,2025-04-09 22:38:00.549858
1647,2023-09-03,David,1023,32,3,1,0.03,4285.01,2025-04-09 22:38:00.549858
1648,2023-04-19,Bob,1033,5,3,1,0.0,2758.48,2025-04-09 22:38:00.549858
1649,2023-04-08,Charlie,1009,32,3,1,0.14,2945.87,2025-04-09 22:38:00.549858
1650,2023-06-07,Alice,1037,4,3,1,0.24,6055.38,2025-04-09 22:38:00.549858
1651,2023-08-16,David,1014,26,3,1,0.2,8983.92,2025-04-09 22:38:00.549858
1652,2023-11-16,David,1041,40,3,1,0.18,3942.84,2025-04-09 22:38:00.549858
1653,2023-05-24,Eve,1019,13,3,1,0.09,1114.91,2025-04-09 22:38:00.549858
1654,2023-12-15,David,1045,42,3,1,0.1,3517.4,2025-04-09 22:38:00.549858
1655,2023-12-31,Alice,1003,30,3,1,0.2,4775.59,2025-04-09 22:38:00.549858
1656,2023-01-11,Alice,1088,11,3,1,0.02,1758.16,2025-04-09 22:38:00.549858
1657,2023-09-02,David,1058,9,3,1,0.15,1142.92,2025-04-09 22:38:00.549858
1658,2023-09-24,Eve,1005,6,3,1,0.1,4453.43,2025-04-09 22:38:00.549858
1659,2023-08-02,Eve,1029,46,3,1,0.3,2855.85,2025-04-09 22:38:00.549858
1660,2023-11-06,David,1088,8,3,1,0.04,6772.54,2025-04-09 22:38:00.549858
1661,2023-12-08,Alice,1008,49,3,1,0.13,3197.78,2025-04-09 22:38:00.549858
1662,2023-07-18,Eve,1052,42,3,1,0.04,6675.77,2025-04-09 22:38:00.549858
1663,2023-09-24,Bob,1089,48,3,1,0.03,2975.99,2025-04-09 22:38:00.549858
1664,2023-06-22,Eve,1004,39,3,1,0.05,7762.51,2025-04-09 22:38:00.549858
1665,2023-03-11,Bob,1038,15,3,1,0.07,1452.35,2025-04-09 22:38:00.549858
1666,2023-09-11,Eve,1096,23,3,1,0.25,7597.37,2025-04-09 22:38:00.549858
1667,2023-06-22,Bob,1063,25,3,1,0.22,5917.1,2025-04-09 22:38:00.549858
1668,2023-11-09,Charlie,1016,24,3,1,0.29,3402.92,2025-04-09 22:38:00.549858
1669,2023-03-14,David,1021,23,3,1,0.07,7792.79,2025-04-09 22:38:00.549858
1670,2023-12-25,Alice,1005,28,3,1,0.1,8635.81,2025-04-09 22:38:00.549858
1671,2023-09-21,Charlie,1061,25,3,1,0.23,9895.57,2025-04-09 22:38:00.549858
1672,2023-12-14,Charlie,1070,33,3,1,0.09,2032.15,2025-04-09 22:38:00.549858
1673,2023-07-07,David,1047,15,3,1,0.21,9519.3,2025-04-09 22:38:00.549858
1674,2023-05-27,Alice,1001,7,3,1,0.3,1498.11,2025-04-09 22:38:00.549858
1675,2023-01-14,Bob,1024,45,3,1,0.01,3334.75,2025-04-09 22:38:00.549858
1676,2023-11-05,Alice,1086,10,3,1,0.14,2928.5,2025-04-09 22:38:00.549858
1677,2023-06-01,Bob,1050,23,3,1,0.04,5105.78,2025-04-09 22:38:00.549858
1678,2023-04-18,David,1035,34,3,1,0.19,9417.1,2025-04-09 22:38:00.549858
1679,2023-11-06,Bob,1006,22,3,1,0.17,189.64,2025-04-09 22:38:00.549858
1680,2023-01-05,Bob,1081,44,3,1,0.03,1429.32,2025-04-09 22:38:00.549858
1681,2023-04-08,Charlie,1096,45,3,1,0.28,5935.59,2025-04-09 22:38:00.549858
1682,2023-04-05,Charlie,1052,26,1,1,0.29,4744.16,2025-04-09 22:38:00.549858
1683,2023-08-24,Bob,1072,39,1,1,0.02,2167.94,2025-04-09 22:38:00.549858
1684,2023-02-05,Charlie,1080,9,1,1,0.28,245.46,2025-04-09 22:38:00.549858
1685,2023-05-22,Alice,1035,45,1,1,0.15,3780.22,2025-04-09 22:38:00.549858
1686,2023-04-11,Alice,1014,38,1,1,0.01,9582.12,2025-04-09 22:38:00.549858
1687,2023-11-14,Charlie,1085,32,1,1,0.04,2038.75,2025-04-09 22:38:00.549858
1688,2023-03-19,Bob,1035,9,1,1,0.13,5343.63,2025-04-09 22:38:00.549858
1689,2023-10-23,Charlie,1073,45,1,1,0.02,4650.68,2025-04-09 22:38:00.549858
1690,2023-06-06,David,1079,34,1,1,0.15,1982.07,2025-04-09 22:38:00.549858
1691,2023-08-31,Eve,1092,47,1,1,0.28,9203.36,2025-04-09 22:38:00.549858
1692,2023-01-29,Bob,1092,13,1,1,0.08,8936.33,2025-04-09 22:38:00.549858
1693,2023-03-04,Bob,1070,15,1,1,0.03,8771.24,2025-04-09 22:38:00.549858
1694,2023-03-16,David,1097,35,1,1,0.16,471.95,2025-04-09 22:38:00.549858
1695,2023-07-29,Bob,1059,16,1,1,0.2,7678.91,2025-04-09 22:38:00.549858
1696,2023-01-25,Charlie,1090,17,1,1,0.12,2381.12,2025-04-09 22:38:00.549858
1697,2023-07-17,David,1019,14,1,1,0.25,7320.51,2025-04-09 22:38:00.549858
1698,2023-06-10,Charlie,1096,6,1,1,0.22,2320.51,2025-04-09 22:38:00.549858
1699,2023-05-30,Alice,1040,47,1,1,0.21,4284.03,2025-04-09 22:38:00.549858
1700,2023-06-03,Bob,1039,8,1,1,0.09,3099.02,2025-04-09 22:38:00.549858
1701,2023-12-27,Bob,1057,31,1,1,0.19,3772.32,2025-04-09 22:38:00.549858
1702,2023-11-01,Bob,1009,14,1,1,0.07,7172.8,2025-04-09 22:38:00.549858
1703,2023-05-12,Bob,1038,20,1,1,0.27,8630.74,2025-04-09 22:38:00.549858
1704,2023-09-21,Eve,1084,36,1,1,0.25,2813.31,2025-04-09 22:38:00.549858
1705,2023-04-02,David,1048,45,1,1,0.27,9673.65,2025-04-09 22:38:00.549858
1706,2023-01-02,David,1064,10,1,1,0.2,5533.7,2025-04-09 22:38:00.549858
1707,2023-09-13,Bob,1037,5,1,1,0.15,2929.01,2025-04-09 22:38:00.549858
1708,2023-08-10,Eve,1024,30,1,1,0.28,4384.39,2025-04-09 22:38:00.549858
1709,2023-04-25,Bob,1095,10,1,1,0.04,9805.65,2025-04-09 22:38:00.549858
1710,2023-01-29,Charlie,1017,19,1,1,0.1,4882.09,2025-04-09 22:38:00.549858
1711,2023-01-17,Bob,1060,3,1,1,0.02,2747.28,2025-04-09 22:38:00.549858
1712,2023-10-19,Eve,1049,30,1,1,0.28,1966.55,2025-04-09 22:38:00.549858
1713,2023-10-23,David,1054,48,1,1,0.16,4392.47,2025-04-09 22:38:00.549858
1714,2023-08-15,Alice,1068,21,1,1,0.02,7262.13,2025-04-09 22:38:00.549858
1715,2023-10-23,David,1023,42,1,1,0.19,9519.76,2025-04-09 22:38:00.549858
1716,2023-08-04,Eve,1047,47,1,1,0.18,733.66,2025-04-09 22:38:00.549858
1717,2023-03-22,Charlie,1076,23,1,1,0.18,316.94,2025-04-09 22:38:00.549858
1718,2023-12-31,Bob,1094,15,1,1,0.26,6586.22,2025-04-09 22:38:00.549858
1719,2023-08-03,Alice,1002,16,1,1,0.04,8302.7,2025-04-09 22:38:00.549858
1720,2023-04-06,Bob,1026,4,1,1,0.13,927.19,2025-04-09 22:38:00.549858
1721,2023-03-06,Alice,1024,35,1,1,0.08,9602.64,2025-04-09 22:38:00.549858
1722,2023-05-26,David,1082,2,1,1,0.12,6994.66,2025-04-09 22:38:00.549858
1723,2023-04-17,Alice,1052,2,1,1,0.22,8448.93,2025-04-09 22:38:00.549858
1724,2023-08-04,David,1035,30,1,1,0.21,3817.14,2025-04-09 22:38:00.549858
1725,2023-06-09,Bob,1093,38,1,1,0.25,4391.38,2025-04-09 22:38:00.549858
1726,2023-03-30,Charlie,1009,10,1,1,0.07,2279.1,2025-04-09 22:38:00.549858
1727,2023-03-09,Eve,1058,40,1,1,0.18,3788.08,2025-04-09 22:38:00.549858
1728,2023-09-18,Charlie,1008,32,1,1,0.12,7688.5,2025-04-09 22:38:00.549858
1729,2023-06-25,Eve,1045,9,1,1,0.13,1489.21,2025-04-09 22:38:00.549858
1730,2023-10-11,Eve,1019,32,1,1,0.09,2030.25,2025-04-09 22:38:00.549858
1731,2023-02-09,Alice,1092,14,1,1,0.22,7192.33,2025-04-09 22:38:00.549858
1732,2023-02-14,David,1099,32,1,1,0.02,7802.45,2025-04-09 22:38:00.549858
1733,2023-09-15,Bob,1054,16,1,1,0.14,2509.63,2025-04-09 22:38:00.549858
1734,2023-03-18,David,1016,4,1,1,0.27,485.9,2025-04-09 22:38:00.549858
1735,2023-06-04,Bob,1096,14,1,1,0.21,9019.51,2025-04-09 22:38:00.549858
1736,2023-04-23,David,1016,6,1,1,0.13,9961.96,2025-04-09 22:38:00.549858
1737,2023-07-07,Alice,1092,14,1,1,0.11,1039.69,2025-04-09 22:38:00.549858
1738,2023-08-10,Bob,1064,5,1,1,0.07,322.02,2025-04-09 22:38:00.549858
1739,2023-10-12,David,1089,25,1,1,0.03,9813.07,2025-04-09 22:38:00.549858
1740,2023-01-04,Bob,1086,8,1,1,0.07,6530.14,2025-04-09 22:38:00.549858
1741,2023-10-12,David,1077,23,1,1,0.29,628.15,2025-04-09 22:38:00.549858
1742,2023-06-12,Charlie,1078,29,1,1,0.08,6136.0,2025-04-09 22:38:00.549858
1743,2023-11-16,David,1073,48,1,1,0.25,7026.43,2025-04-09 22:38:00.549858
1744,2023-09-28,Eve,1004,27,1,1,0.14,4936.11,2025-04-09 22:38:00.549858
1745,2023-06-30,Eve,1065,13,1,1,0.23,8840.86,2025-04-09 22:38:00.549858
1746,2023-02-15,Charlie,1094,47,1,1,0.2,8643.67,2025-04-09 22:38:00.549858
1747,2023-07-24,Alice,1098,19,1,1,0.03,8188.04,2025-04-09 22:38:00.549858
1748,2023-12-04,David,1063,14,1,1,0.2,2186.85,2025-04-09 22:38:00.549858
1749,2023-03-29,Alice,1010,49,1,1,0.06,3329.91,2025-04-09 22:38:00.549858
1750,2023-12-19,Eve,1043,12,1,1,0.21,1633.76,2025-04-09 22:38:00.549858
1751,2023-08-21,David,1080,12,1,1,0.12,5677.74,2025-04-09 22:38:00.549858
1752,2023-04-13,Charlie,1008,24,1,1,0.14,5104.54,2025-04-09 22:38:00.549858
1753,2023-01-09,David,1051,23,1,1,0.24,5785.45,2025-04-09 22:38:00.549858
1754,2023-11-08,David,1059,17,1,1,0.15,8466.7,2025-04-09 22:38:00.549858
1755,2023-10-20,David,1086,32,1,1,0.2,3577.07,2025-04-09 22:38:00.549858
1756,2023-04-06,Alice,1068,31,1,1,0.25,9093.5,2025-04-09 22:38:00.549858
1757,2023-08-03,Alice,1016,16,3,2,0.19,3080.36,2025-04-09 22:38:00.549858
1758,2023-07-13,Bob,1021,43,3,2,0.23,9638.64,2025-04-09 22:38:00.549858
1759,2023-11-07,Bob,1089,47,2,2,0.17,2945.36,2025-04-09 22:38:00.549858
1760,2023-06-23,David,1054,27,3,2,0.17,4291.02,2025-04-09 22:38:00.549858
1761,2023-01-19,Bob,1048,7,1,2,0.05,5187.16,2025-04-09 22:38:00.549858
1762,2023-07-17,Eve,1003,15,3,2,0.23,5738.44,2025-04-09 22:38:00.549858
1763,2023-09-14,Bob,1003,15,1,2,0.09,3755.88,2025-04-09 22:38:00.549858
1764,2023-05-21,Charlie,1002,26,3,2,0.28,7828.25,2025-04-09 22:38:00.549858
1765,2023-11-15,Bob,1036,19,1,2,0.09,7316.91,2025-04-09 22:38:00.549858
1766,2023-10-13,Eve,1008,24,2,2,0.21,1558.3,2025-04-09 22:38:00.549858
1767,2023-12-20,Charlie,1008,23,2,2,0.23,765.83,2025-04-09 22:38:00.549858
1768,2023-10-07,Bob,1051,3,3,2,0.16,8047.83,2025-04-09 22:38:00.549858
1769,2023-04-21,Bob,1093,17,3,2,0.11,4384.02,2025-04-09 22:38:00.549858
1770,2023-11-20,Alice,1090,32,3,2,0.22,267.78,2025-04-09 22:38:00.549858
1771,2023-04-30,Alice,1032,18,3,2,0.08,4241.51,2025-04-09 22:38:00.549858
1772,2023-01-27,David,1092,26,3,2,0.24,6939.75,2025-04-09 22:38:00.549858
1773,2023-01-20,David,1053,42,3,2,0.29,8785.77,2025-04-09 22:38:00.549858
1774,2023-08-24,Bob,1080,17,3,2,0.01,1493.95,2025-04-09 22:38:00.549858
1775,2023-02-23,Bob,1048,47,1,2,0.27,7066.63,2025-04-09 22:38:00.549858
1776,2023-12-10,David,1062,11,3,2,0.13,3979.41,2025-04-09 22:38:00.549858
1777,2023-04-11,Bob,1083,29,3,2,0.14,618.31,2025-04-09 22:38:00.549858
1778,2023-09-19,Charlie,1019,45,2,2,0.05,6705.4,2025-04-09 22:38:00.549858
1779,2023-06-24,Bob,1066,13,3,2,0.13,5851.41,2025-04-09 22:38:00.549858
1780,2023-03-04,Bob,1033,14,3,2,0.19,8499.41,2025-04-09 22:38:00.549858
1781,2023-02-11,Charlie,1021,32,3,2,0.21,3761.15,2025-04-09 22:38:00.549858
1782,2023-04-30,Bob,1051,3,1,2,0.04,5571.8,2025-04-09 22:38:00.549858
1783,2023-10-02,Bob,1093,43,3,2,0.08,3747.64,2025-04-09 22:38:00.549858
1784,2023-12-18,Eve,1073,40,3,2,0.04,3196.5,2025-04-09 22:38:00.549858
1785,2023-05-27,Charlie,1069,44,1,2,0.05,5760.29,2025-04-09 22:38:00.549858
1786,2023-04-02,Eve,1059,12,3,2,0.28,3595.2,2025-04-09 22:38:00.549858
1787,2023-10-12,Charlie,1019,16,1,2,0.25,220.35,2025-04-09 22:38:00.549858
1788,2023-03-19,Eve,1020,19,2,2,0.27,9335.96,2025-04-09 22:38:00.549858
1789,2023-10-22,Bob,1099,43,3,2,0.24,1514.14,2025-04-09 22:38:00.549858
1790,2023-10-16,Alice,1051,43,2,2,0.0,7617.0,2025-04-09 22:38:00.549858
1791,2023-10-28,Bob,1079,38,2,2,0.26,1558.03,2025-04-09 22:38:00.549858
1792,2023-08-14,David,1093,6,1,2,0.16,6885.89,2025-04-09 22:38:00.549858
1793,2023-11-22,Alice,1058,15,3,2,0.26,8085.98,2025-04-09 22:38:00.549858
1794,2023-12-31,Eve,1090,46,3,2,0.19,3333.73,2025-04-09 22:38:00.549858
1795,2023-12-30,Bob,1099,29,1,2,0.05,9450.04,2025-04-09 22:38:00.549858
1796,2023-04-14,Alice,1034,3,3,2,0.06,534.61,2025-04-09 22:38:00.549858
1797,2023-02-28,Alice,1087,15,1,2,0.05,7534.3,2025-04-09 22:38:00.549858
1798,2023-08-03,Alice,1033,40,1,2,0.19,1103.59,2025-04-09 22:38:00.549858
1799,2023-07-28,David,1025,37,1,2,0.22,4376.99,2025-04-09 22:38:00.549858
1800,2023-12-19,Alice,1064,35,1,2,0.07,106.47,2025-04-09 22:38:00.549858
1801,2023-01-25,Charlie,1096,27,3,2,0.12,6206.16,2025-04-09 22:38:00.549858
1802,2023-07-25,Eve,1003,5,3,2,0.28,5617.64,2025-04-09 22:38:00.549858
1803,2023-03-02,David,1023,39,3,2,0.24,1260.32,2025-04-09 22:38:00.549858
1804,2023-11-16,Bob,1051,31,2,2,0.07,803.25,2025-04-09 22:38:00.549858
1805,2023-03-02,Eve,1058,39,3,2,0.26,9333.83,2025-04-09 22:38:00.549858
1806,2023-11-07,Alice,1098,31,3,2,0.27,3166.9,2025-04-09 22:38:00.549858
1807,2023-05-08,Charlie,1026,20,1,2,0.17,9519.09,2025-04-09 22:38:00.549858
1808,2023-10-21,Alice,1073,45,3,2,0.08,1365.88,2025-04-09 22:38:00.549858
1809,2023-10-23,Bob,1060,46,2,2,0.15,6395.95,2025-04-09 22:38:00.549858
1810,2023-01-07,Eve,1085,16,3,2,0.0,2719.89,2025-04-09 22:38:00.549858
1811,2023-10-29,David,1054,8,3,2,0.15,4025.88,2025-04-09 22:38:00.549858
1812,2023-05-14,Charlie,1087,10,1,2,0.05,9472.66,2025-04-09 22:38:00.549858
1813,2023-12-11,Alice,1045,22,3,2,0.06,6400.11,2025-04-09 22:38:00.549858
1814,2023-01-17,David,1009,12,3,2,0.09,8401.07,2025-04-09 22:38:00.549858
1815,2023-09-01,Charlie,1086,17,3,2,0.17,5437.04,2025-04-09 22:38:00.549858
1816,2023-10-15,David,1038,31,3,2,0.19,8020.03,2025-04-09 22:38:00.549858
1817,2023-04-27,Alice,1024,42,3,2,0.07,7734.12,2025-04-09 22:38:00.549858
1818,2023-08-04,David,1001,20,3,2,0.25,9087.6,2025-04-09 22:38:00.549858
1819,2023-11-28,David,1089,8,1,2,0.01,8719.62,2025-04-09 22:38:00.549858
1820,2023-12-15,Bob,1076,32,3,2,0.09,2607.4,2025-04-09 22:38:00.549858
1821,2023-02-01,Alice,1097,27,1,2,0.04,1099.68,2025-04-09 22:38:00.549858
1822,2023-04-06,Charlie,1086,32,3,2,0.11,7212.69,2025-04-09 22:38:00.549858
1823,2023-05-17,David,1056,47,3,2,0.22,8374.68,2025-04-09 22:38:00.549858
1824,2023-07-05,Alice,1067,27,3,2,0.08,6360.67,2025-04-09 22:38:00.549858
1825,2023-06-28,Bob,1004,38,1,2,0.16,8003.1,2025-04-09 22:38:00.549858
1826,2023-10-16,Eve,1016,11,1,2,0.1,8786.95,2025-04-09 22:38:00.549858
1827,2023-09-18,Charlie,1057,25,2,2,0.02,7315.73,2025-04-09 22:38:00.549858
1828,2023-08-01,Eve,1039,36,3,2,0.24,7527.63,2025-04-09 22:38:00.549858
1829,2023-05-18,Bob,1063,39,3,2,0.21,3098.87,2025-04-09 22:38:00.549858
1830,2023-02-07,Charlie,1017,2,3,2,0.24,7542.3,2025-04-09 22:38:00.549858
1831,2023-08-14,Bob,1065,26,3,2,0.01,5878.76,2025-04-09 22:38:00.549858
1832,2023-08-11,Charlie,1028,45,2,2,0.2,5809.35,2025-04-09 22:38:00.549858
1833,2023-02-08,Charlie,1048,27,1,2,0.08,7454.53,2025-04-09 22:38:00.549858
1834,2023-09-03,Charlie,1055,12,3,2,0.24,7169.12,2025-04-09 22:38:00.549858
1835,2023-08-17,Eve,1016,7,1,2,0.28,777.74,2025-04-09 22:38:00.549858
1836,2023-05-03,Alice,1042,37,3,2,0.21,7116.78,2025-04-09 22:38:00.549858
1837,2023-04-21,Eve,1047,17,3,2,0.29,6413.11,2025-04-09 22:38:00.549858
1838,2023-09-24,Charlie,1046,41,3,2,0.27,4695.96,2025-04-09 22:38:00.549858
1839,2023-04-30,Eve,1076,32,3,2,0.3,3279.51,2025-04-09 22:38:00.549858
1840,2023-12-19,Charlie,1063,46,2,2,0.25,3889.71,2025-04-09 22:38:00.549858
1841,2023-12-15,Bob,1012,13,2,2,0.09,8821.63,2025-04-09 22:38:00.549858
1842,2023-10-18,Eve,1098,21,2,2,0.18,1600.79,2025-04-09 22:38:00.549858
1843,2023-08-30,Alice,1077,25,1,2,0.17,8660.12,2025-04-09 22:38:00.549858
1844,2023-10-28,Bob,1091,39,2,2,0.27,7611.28,2025-04-09 22:38:00.549858
1845,2023-12-13,Alice,1070,8,2,2,0.16,100.12,2025-04-09 22:38:00.549858
1846,2023-11-15,Alice,1032,1,2,2,0.09,9413.77,2025-04-09 22:38:00.549858
1847,2023-05-04,Bob,1086,25,2,2,0.08,7841.4,2025-04-09 22:38:00.549858
1848,2023-11-28,David,1005,43,2,2,0.08,152.6,2025-04-09 22:38:00.549858
1849,2023-01-02,David,1075,26,1,2,0.0,919.09,2025-04-09 22:38:00.549858
1850,2023-10-29,David,1019,31,2,2,0.04,5952.19,2025-04-09 22:38:00.549858
1851,2023-12-15,David,1043,6,1,2,0.17,4448.18,2025-04-09 22:38:00.549858
1852,2023-01-29,Eve,1009,16,2,2,0.18,182.8,2025-04-09 22:38:00.549858
1853,2023-12-04,Bob,1014,49,2,2,0.1,758.99,2025-04-09 22:38:00.549858
1854,2023-06-19,Eve,1002,18,1,2,0.18,1263.76,2025-04-09 22:38:00.549858
1855,2023-11-05,David,1072,39,2,2,0.26,5969.12,2025-04-09 22:38:00.549858
1856,2023-08-03,David,1023,45,2,2,0.19,8055.02,2025-04-09 22:38:00.549858
1857,2023-11-14,Charlie,1068,42,1,2,0.03,3607.29,2025-04-09 22:38:00.549858
1858,2023-08-29,Alice,1099,44,2,2,0.13,4567.81,2025-04-09 22:38:00.549858
1859,2023-06-18,Eve,1038,24,2,2,0.09,2792.27,2025-04-09 22:38:00.549858
1860,2023-08-14,Eve,1083,42,2,2,0.1,4902.44,2025-04-09 22:38:00.549858
1861,2023-11-26,Charlie,1095,7,2,2,0.03,8231.74,2025-04-09 22:38:00.549858
1862,2023-06-03,David,1016,46,1,2,0.28,5848.92,2025-04-09 22:38:00.549858
1863,2023-06-02,Alice,1024,2,1,2,0.12,1799.77,2025-04-09 22:38:00.549858
1864,2023-05-13,Eve,1039,40,2,2,0.24,4422.48,2025-04-09 22:38:00.549858
1865,2023-12-22,Charlie,1052,2,2,2,0.16,9509.55,2025-04-09 22:38:00.549858
1866,2023-08-24,Charlie,1075,42,2,2,0.17,2301.38,2025-04-09 22:38:00.549858
1867,2023-11-29,Bob,1086,7,1,2,0.23,5127.27,2025-04-09 22:38:00.549858
1868,2023-08-15,David,1074,29,2,2,0.07,289.38,2025-04-09 22:38:00.549858
1869,2023-06-02,Bob,1059,47,1,2,0.14,279.43,2025-04-09 22:38:00.549858
1870,2023-05-20,Eve,1071,6,2,2,0.06,3003.76,2025-04-09 22:38:00.549858
1871,2023-11-07,Charlie,1095,32,2,2,0.3,6970.1,2025-04-09 22:38:00.549858
1872,2023-04-13,Eve,1091,36,2,2,0.07,9146.51,2025-04-09 22:38:00.549858
1873,2023-10-10,David,1001,18,2,2,0.08,3780.07,2025-04-09 22:38:00.549858
1874,2023-09-27,Eve,1058,29,2,2,0.2,1193.28,2025-04-09 22:38:00.549858
1875,2023-07-19,Charlie,1090,10,2,2,0.02,656.14,2025-04-09 22:38:00.549858
1876,2023-07-07,Charlie,1080,14,2,2,0.06,5993.5,2025-04-09 22:38:00.549858
1877,2023-04-25,David,1075,44,2,2,0.27,4038.58,2025-04-09 22:38:00.549858
1878,2023-02-26,Bob,1086,5,2,2,0.3,2559.0,2025-04-09 22:38:00.549858
1879,2023-01-17,Eve,1016,21,2,2,0.1,4598.02,2025-04-09 22:38:00.549858
1880,2023-02-16,Eve,1053,11,1,2,0.17,3939.48,2025-04-09 22:38:00.549858
1881,2023-06-21,Bob,1064,46,2,2,0.04,9215.59,2025-04-09 22:38:00.549858
1882,2023-05-09,David,1012,13,2,2,0.09,8070.39,2025-04-09 22:38:00.549858
1883,2023-03-01,Charlie,1034,45,2,2,0.18,2842.42,2025-04-09 22:38:00.549858
1884,2023-03-31,David,1025,4,1,2,0.28,4929.56,2025-04-09 22:38:00.549858
1885,2023-10-01,Alice,1077,5,2,2,0.17,5405.76,2025-04-09 22:38:00.549858
1886,2023-12-30,David,1025,28,1,2,0.13,9215.32,2025-04-09 22:38:00.549858
1887,2023-07-20,Eve,1055,43,2,2,0.13,7354.06,2025-04-09 22:38:00.549858
1888,2023-12-31,Alice,1058,44,2,2,0.22,4643.51,2025-04-09 22:38:00.549858
1889,2023-11-24,Eve,1022,29,1,2,0.13,8906.24,2025-04-09 22:38:00.549858
1890,2023-11-24,Alice,1071,12,1,2,0.18,8049.72,2025-04-09 22:38:00.549858
1891,2023-09-08,Bob,1089,40,1,2,0.23,5228.28,2025-04-09 22:38:00.549858
1892,2023-10-08,Bob,1001,33,2,2,0.01,8397.73,2025-04-09 22:38:00.549858
1893,2023-09-01,David,1019,16,2,2,0.22,2550.84,2025-04-09 22:38:00.549858
1894,2023-11-22,David,1014,17,2,2,0.2,9762.54,2025-04-09 22:38:00.549858
1895,2023-06-25,Alice,1031,10,1,2,0.25,1781.82,2025-04-09 22:38:00.549858
1896,2023-03-25,Bob,1005,14,1,2,0.1,7442.25,2025-04-09 22:38:00.549858
1897,2023-10-30,Alice,1071,22,2,2,0.01,189.48,2025-04-09 22:38:00.549858
1898,2023-09-07,Alice,1013,16,2,2,0.14,7413.36,2025-04-09 22:38:00.549858
1899,2023-09-14,Charlie,1090,47,2,2,0.18,7122.28,2025-04-09 22:38:00.549858
1900,2023-05-13,Charlie,1060,31,2,2,0.02,5260.83,2025-04-09 22:38:00.549858
1901,2023-02-24,Bob,1094,7,2,2,0.26,6171.59,2025-04-09 22:38:00.549858
1902,2023-04-28,Charlie,1036,25,2,2,0.09,7739.11,2025-04-09 22:38:00.549858
1903,2023-12-28,David,1065,18,2,2,0.02,6139.07,2025-04-09 22:38:00.549858
1904,2023-03-28,Eve,1045,14,2,2,0.17,6792.66,2025-04-09 22:38:00.549858
1905,2023-08-19,Bob,1090,31,2,2,0.09,9088.2,2025-04-09 22:38:00.549858
1906,2023-02-11,Charlie,1050,48,2,2,0.04,1011.46,2025-04-09 22:38:00.549858
1907,2023-11-11,Eve,1024,21,2,2,0.0,6607.8,2025-04-09 22:38:00.549858
1908,2023-08-14,Bob,1100,43,2,2,0.08,2198.74,2025-04-09 22:38:00.549858
1909,2023-05-27,Eve,1074,2,2,2,0.2,6710.83,2025-04-09 22:38:00.549858
1910,2023-05-23,Bob,1044,19,2,2,0.01,8552.47,2025-04-09 22:38:00.549858
1911,2023-12-22,David,1001,45,1,2,0.02,8803.94,2025-04-09 22:38:00.549858
1912,2023-08-24,Bob,1095,20,2,2,0.1,2825.35,2025-04-09 22:38:00.549858
1913,2023-12-28,Bob,1086,46,1,2,0.11,1837.37,2025-04-09 22:38:00.549858
1914,2023-01-12,Eve,1094,38,1,2,0.01,5835.21,2025-04-09 22:38:00.549858
1915,2023-12-26,Eve,1099,25,2,2,0.11,6644.04,2025-04-09 22:38:00.549858
1916,2023-08-21,Alice,1072,12,1,2,0.03,8271.62,2025-04-09 22:38:00.549858
1917,2023-09-28,Alice,1049,44,2,2,0.12,5972.27,2025-04-09 22:38:00.549858
1918,2023-09-18,David,1006,45,2,2,0.29,776.7,2025-04-09 22:38:00.549858
1919,2023-12-01,Charlie,1055,8,2,2,0.13,4102.47,2025-04-09 22:38:00.549858
1920,2023-12-22,Charlie,1052,18,1,2,0.04,2858.57,2025-04-09 22:38:00.549858
1921,2023-02-06,Eve,1027,45,1,2,0.25,3668.23,2025-04-09 22:38:00.549858
1922,2023-01-14,Alice,1033,24,2,2,0.06,1740.92,2025-04-09 22:38:00.549858
1923,2023-11-26,Alice,1030,39,2,2,0.24,8727.0,2025-04-09 22:38:00.549858
1924,2023-12-20,David,1100,39,2,2,0.01,1629.47,2025-04-09 22:38:00.549858
1925,2023-02-19,David,1084,35,2,2,0.16,2154.66,2025-04-09 22:38:00.549858
1926,2023-03-29,Bob,1022,45,2,2,0.06,8640.14,2025-04-09 22:38:00.549858
1927,2023-10-09,Charlie,1075,18,2,2,0.13,8239.58,2025-04-09 22:38:00.549858
1928,2023-07-11,Charlie,1025,40,1,2,0.27,5910.67,2025-04-09 22:38:00.549858
1929,2023-07-23,Bob,1056,35,1,2,0.12,7591.63,2025-04-09 22:38:00.549858
1930,2023-06-13,Charlie,1030,5,1,2,0.26,4478.71,2025-04-09 22:38:00.549858
1931,2023-03-25,Eve,1074,38,1,2,0.19,7499.7,2025-04-09 22:38:00.549858
1932,2023-09-18,David,1093,19,1,2,0.21,4040.25,2025-04-09 22:38:00.549858
1933,2023-03-03,Bob,1035,47,2,2,0.06,2494.74,2025-04-09 22:38:00.549858
1934,2023-02-04,Alice,1026,19,1,2,0.05,1554.93,2025-04-09 22:38:00.549858
1935,2023-06-27,Alice,1004,2,1,2,0.11,7825.72,2025-04-09 22:38:00.549858
1936,2023-12-01,David,1073,40,1,2,0.17,5238.42,2025-04-09 22:38:00.549858
1937,2023-03-03,Eve,1007,1,1,2,0.2,4694.54,2025-04-09 22:38:00.549858
1938,2023-02-27,Eve,1085,45,1,2,0.27,5324.01,2025-04-09 22:38:00.549858
1939,2023-03-16,David,1062,45,1,2,0.25,4195.06,2025-04-09 22:38:00.549858
1940,2023-03-23,Eve,1078,33,2,2,0.18,3808.03,2025-04-09 22:38:00.549858
1941,2023-02-09,David,1092,34,1,2,0.3,2749.17,2025-04-09 22:38:00.549858
1942,2023-08-26,David,1099,17,3,2,0.05,1934.18,2025-04-09 22:38:00.549858
1943,2023-02-24,Eve,1008,22,3,2,0.03,5751.69,2025-04-09 22:38:00.549858
1944,2023-08-13,Alice,1035,5,1,2,0.14,2049.56,2025-04-09 22:38:00.549858
1945,2023-01-11,Charlie,1060,34,3,2,0.17,1016.99,2025-04-09 22:38:00.549858
1946,2023-04-14,Eve,1047,16,1,2,0.23,7146.06,2025-04-09 22:38:00.549858
1947,2023-01-14,Charlie,1056,25,3,2,0.2,5720.5,2025-04-09 22:38:00.549858
1948,2023-06-27,Eve,1080,35,3,2,0.1,5012.96,2025-04-09 22:38:00.549858
1949,2023-03-25,Alice,1092,49,2,2,0.15,1897.98,2025-04-09 22:38:00.549858
1950,2023-10-09,David,1052,41,3,2,0.04,6757.36,2025-04-09 22:38:00.549858
1951,2023-02-07,Eve,1077,12,1,2,0.29,9605.34,2025-04-09 22:38:00.549858
1952,2023-10-30,Eve,1097,49,3,2,0.07,6600.65,2025-04-09 22:38:00.549858
1953,2023-06-08,Eve,1032,49,1,2,0.09,219.82,2025-04-09 22:38:00.549858
1954,2023-08-16,Alice,1059,21,1,2,0.17,3634.59,2025-04-09 22:38:00.549858
1955,2023-11-03,David,1058,42,3,2,0.01,4050.45,2025-04-09 22:38:00.549858
1956,2023-04-21,David,1090,35,3,2,0.13,4883.49,2025-04-09 22:38:00.549858
1957,2023-11-28,Charlie,1044,6,1,2,0.07,4860.81,2025-04-09 22:38:00.549858
1958,2023-06-25,Alice,1016,2,3,2,0.12,5401.98,2025-04-09 22:38:00.549858
1959,2023-01-29,David,1018,25,2,2,0.07,6008.83,2025-04-09 22:38:00.549858
1960,2023-10-19,Eve,1089,23,1,2,0.26,9933.22,2025-04-09 22:38:00.549858
1961,2023-07-23,Charlie,1042,26,3,2,0.29,8417.07,2025-04-09 22:38:00.549858
1962,2023-02-07,Bob,1027,3,1,2,0.15,7896.74,2025-04-09 22:38:00.549858
1963,2023-05-14,David,1009,40,1,2,0.29,2584.91,2025-04-09 22:38:00.549858
1964,2023-04-07,Alice,1051,23,3,2,0.1,5262.45,2025-04-09 22:38:00.549858
1965,2023-09-07,Bob,1019,27,3,2,0.16,6882.83,2025-04-09 22:38:00.549858
1966,2023-08-17,Bob,1009,33,3,2,0.11,8912.4,2025-04-09 22:38:00.549858
1967,2023-07-17,David,1030,19,3,2,0.26,3023.48,2025-04-09 22:38:00.549858
1968,2023-07-29,Charlie,1096,38,1,2,0.15,485.41,2025-04-09 22:38:00.549858
1969,2023-06-20,Eve,1058,48,1,2,0.1,2896.54,2025-04-09 22:38:00.549858
1970,2023-04-02,Charlie,1034,7,3,2,0.11,2184.02,2025-04-09 22:38:00.549858
1971,2023-02-15,Bob,1074,1,3,2,0.01,1383.82,2025-04-09 22:38:00.549858
1972,2023-04-16,Charlie,1081,44,1,2,0.29,2896.71,2025-04-09 22:38:00.549858
1973,2023-02-20,Charlie,1002,26,1,2,0.22,9469.92,2025-04-09 22:38:00.549858
1974,2023-02-08,Alice,1027,20,1,2,0.23,7179.49,2025-04-09 22:38:00.549858
1975,2023-02-10,Bob,1056,42,3,2,0.1,3063.9,2025-04-09 22:38:00.549858
1976,2023-10-15,Bob,1069,46,3,2,0.13,1688.58,2025-04-09 22:38:00.549858
1977,2023-04-20,Charlie,1044,34,1,2,0.01,8564.8,2025-04-09 22:38:00.549858
1978,2023-08-05,Bob,1030,34,3,2,0.09,9733.46,2025-04-09 22:38:00.549858
1979,2023-06-15,Alice,1038,42,3,2,0.06,2758.77,2025-04-09 22:38:00.549858
1980,2023-06-03,David,1069,42,1,2,0.28,6581.04,2025-04-09 22:38:00.549858
1981,2023-02-06,Bob,1026,34,1,2,0.02,961.47,2025-04-09 22:38:00.549858
1982,2023-10-18,Eve,1088,16,2,2,0.26,177.63,2025-04-09 22:38:00.549858
1983,2023-06-24,Alice,1021,24,1,2,0.19,9422.75,2025-04-09 22:38:00.549858
1984,2023-02-28,David,1033,3,3,2,0.17,4155.74,2025-04-09 22:38:00.549858
1985,2023-05-23,Bob,1100,29,3,2,0.21,7667.96,2025-04-09 22:38:00.549858
1986,2023-09-25,Eve,1039,37,3,2,0.16,1143.39,2025-04-09 22:38:00.549858
1987,2023-07-01,Alice,1036,17,1,2,0.1,3111.57,2025-04-09 22:38:00.549858
1988,2023-01-07,David,1034,28,2,2,0.27,3677.9,2025-04-09 22:38:00.549858
1989,2023-02-27,Alice,1083,20,1,2,0.01,1780.31,2025-04-09 22:38:00.549858
1990,2023-01-12,Alice,1013,35,2,2,0.22,7646.8,2025-04-09 22:38:00.549858
1991,2023-03-30,David,1085,45,3,2,0.29,9278.4,2025-04-09 22:38:00.549858
1992,2023-02-14,David,1044,12,2,2,0.22,9396.78,2025-04-09 22:38:00.549858
1993,2023-05-17,Alice,1049,1,2,2,0.17,3741.08,2025-04-09 22:38:00.549858
1994,2023-01-15,Bob,1027,26,3,2,0.14,6261.2,2025-04-09 22:38:00.549858
1995,2023-02-18,David,1001,27,1,2,0.07,7154.95,2025-04-09 22:38:00.549858
1996,2024-01-01,Alice,1018,24,2,2,0.29,8579.72,2025-04-09 22:38:00.549858
1997,2023-02-11,David,1014,44,3,2,0.27,823.51,2025-04-09 22:38:00.549858
1998,2023-01-29,Charlie,1007,13,3,2,0.22,2491.21,2025-04-09 22:38:00.549858
1999,2023-08-13,Alice,1084,21,3,2,0.08,1290.05,2025-04-09 22:38:00.549858
2000,2023-08-03,Bob,1001,20,3,2,0.01,5879.35,2025-04-09 22:38:00.549858
